Casenew,MCZ_1,MCZ_2,MCZ_8,MCZ_10,MCZ_17,QHealthr,RSEX,AGEXr,Martstat3r,HighEd4r,GorA
12,9,9,9,3,10,2,2,2,2,2,11
15,8,9,10,7,9,2,1,3,1,2,3
18,7,8,8,4,8,2,1,3,1,4,2
20,8,10,6,5,10,3,2,5,1,4,4
54,7,9,5,10,9,2,2,1,2,2,8
54,9,9,9,7,8,1,2,3,3,2,7
67,9,9,9,9,10,2,2,2,1,1,8
89,10,10,10,9,10,1,1,3,1,2,4
91,10,10,10,10,8,4,2,6,3,2,3
96,7,6,8,8,8,2,1,4,1,3,5
101,5,9,10,9,6,3,2,6,3,2,8
106,7,10,8,6,9,3,1,5,2,4,10
106,10,8,10,2,5,1,2,1,2,2,9
114,5,7,4,0,3,2,2,2,1,1,2
122,7,6,8,8,7,2,2,2,2,1,7
134,5,5,8,5,7,3,2,5,3,2,2
150,7,10,7,1,4,3,2,2,2,3,11
163,6,6,7,5,6,3,2,6,3,2,5
167,3,5,7,1,4,1,1,2,3,1,11
176,8,8,8,7,8,2,1,3,1,2,2
186,10,8,10,4,10,2,1,1,2,2,9
194,8,7,10,4,10,2,2,3,1,4,1
195,2,1,10,8,10,4,1,4,1,2,9
200,7,9,9,9,9,1,2,2,1,2,5
201,3,5,10,5,10,1,1,4,1,3,2
207,9,9,9,9,10,2,1,6,1,2,5
213,9,9,8,9,9,2,1,4,1,1,2
216,8,9,8,8,9,2,1,3,2,2,8
220,7,9,8,6,8,1,2,2,2,1,9
225,9,8,10,8,6,1,2,5,3,1,9
232,8,7,10,8,8,1,1,2,2,1,8
234,8,8,9,0,3,2,1,1,2,4,3
238,10,7,10,10,10,3,1,6,1,4,11
264,9,9,10,10,10,1,2,5,1,3,8
277,8,9,10,8,10,2,2,1,2,1,5
318,8,8,8,8,9,2,2,5,3,1,10
320,5,7,8,9,9,5,2,5,1,2,5
329,10,10,10,10,8,3,2,5,2,4,4
334,7,7,8,5,7,1,2,1,2,1,7
338,2,8,1,0,3,4,2,1,2,1,7
346,7,9,9,6,8,2,1,2,1,2,6
350,10,10,10,10,10,1,2,2,1,2,11
354,7,10,9,6,10,2,1,4,3,4,9
373,9,9,10,9,9,3,2,4,1,2,9
376,10,10,9,10,10,3,1,5,1,2,11
377,10,10,9,10,9,1,2,3,3,4,2
391,8,5,6,7,4,2,1,1,2,2,4
401,8,10,10,6,10,2,2,5,3,2,2
411,9,9,7,8,9,1,1,4,1,1,6
412,8,8,10,9,10,1,2,2,1,2,6
420,8,8,10,10,5,1,2,4,1,2,2
422,7,5,6,8,8,2,1,2,1,1,8
426,10,10,10,10,10,1,2,5,1,2,3
427,8,9,7,7,5,3,2,5,3,4,11
449,8,8,10,9,9,1,2,5,2,2,7
453,5,6,8,8,10,4,2,5,1,4,4
458,5,5,7,8,5,1,2,2,3,2,11
460,5,7,5,2,10,3,2,4,3,4,2
465,9,9,7,8,8,1,2,2,1,1,11
483,10,9,10,10,10,1,2,1,2,3,1
486,9,8,9,8,6,1,1,2,1,2,6
489,9,9,2,6,7,2,1,5,1,1,8
492,6,7,9,6,8,1,1,2,1,2,10
514,8,10,5,7,9,3,2,3,1,2,6
525,8,8,8,8,9,2,2,3,3,1,6
525,8,7,7,6,7,1,1,2,2,1,7
526,7,8,4,5,4,3,2,1,2,2,5
535,8,9,9,8,9,1,1,3,1,1,10
536,7,5,7,4,8,3,2,4,3,3,4
557,8,7,10,7,4,2,1,3,1,1,5
559,0,10,5,10,10,4,2,4,3,3,11
573,8,6,7,10,8,2,2,4,3,1,10
574,10,9,10,9,10,1,2,1,2,2,4
582,7,7,10,5,5,1,2,1,2,2,1
584,8,10,10,3,10,2,2,2,2,2,5
588,10,10,8,9,8,2,2,5,1,1,9
588,9,8,9,9,9,1,2,2,1,3,3
590,7,10,8,6,5,3,2,6,2,4,6
593,9,10,9,8,9,2,2,3,1,2,6
628,9,10,9,8,7,3,1,2,1,2,8
629,8,8,9,7,7,3,2,4,1,2,4
639,6,6,8,2,8,2,2,4,3,1,4
641,8,8,5,5,8,2,2,2,2,1,2
645,8,8,9,10,9,2,2,4,1,2,6
649,8,8,8,7,9,1,1,5,1,4,10
674,8,10,10,9,8,2,2,6,1,1,8
674,8,8,7,7,5,2,1,2,1,2,9
675,10,8,10,8,8,1,2,2,1,4,8
678,8,8,8,8,8,1,2,4,3,2,6
679,9,9,10,10,10,2,1,5,3,1,9
682,9,9,8,7,8,2,2,2,1,1,7
684,8,9,8,9,10,2,2,4,3,1,2
685,5,5,8,8,8,2,2,5,3,2,4
686,8,8,10,7,10,2,2,4,1,4,3
690,8,8,9,7,7,1,2,2,1,1,4
705,6,8,8,9,5,5,1,3,2,2,1
710,9,9,9,7,8,1,2,6,3,4,3
719,8,9,8,8,6,2,2,3,1,2,4
722,8,8,10,5,10,2,1,6,1,4,3
733,10,10,10,7,10,1,1,3,1,2,11
734,4,5,10,8,7,3,2,6,3,4,7
755,9,9,8,10,9,1,2,2,2,1,5
756,8,8,8,9,8,2,2,3,1,2,7
766,6,5,4,6,7,3,2,3,1,2,3
770,6,7,3,3,10,4,2,3,2,2,11
770,8,8,9,9,7,1,1,5,1,1,1
775,5,5,5,5,8,3,2,6,3,4,11
787,7,8,8,7,9,4,2,4,3,3,9
787,10,9,8,3,9,2,1,6,3,4,4
793,5,6,7,5,8,3,2,2,2,2,5
794,7,3,9,7,8,2,2,1,1,2,6
796,8,8,7,8,8,2,1,4,3,2,5
806,7,9,8,6,9,2,2,3,1,2,10
807,9,9,8,8,9,2,2,4,1,2,1
816,8,9,9,5,7,2,2,4,1,1,8
818,8,8,9,10,9,2,2,2,1,1,7
828,6,7,7,5,2,3,2,3,3,2,3
831,10,9,10,9,8,1,1,3,1,2,5
839,10,10,8,5,10,2,1,2,3,1,7
858,8,7,7,8,9,2,1,4,1,2,1
868,8,8,5,8,5,3,2,6,2,2,8
869,9,9,8,7,7,1,1,2,1,1,7
876,8,8,6,7,10,3,2,6,2,4,7
879,8,8,9,10,10,2,2,5,3,4,8
879,8,8,10,9,10,1,2,2,1,1,8
884,10,7,5,9,8,3,1,6,3,4,4
899,7,9,9,7,5,1,2,1,2,1,1
900,8,8,10,10,10,2,2,5,1,1,8
901,8,8,8,8,7,1,1,1,2,1,10
904,9,6,8,10,10,1,2,2,2,1,7
910,9,9,10,9,5,1,2,1,2,2,2
916,10,10,10,10,10,1,2,6,2,3,9
922,7,6,9,7,0,3,1,6,1,4,11
932,10,10,10,10,9,1,2,4,1,1,4
936,9,9,9,10,10,1,1,3,1,2,5
936,8,8,9,5,9,1,2,2,3,1,5
940,9,8,9,7,10,2,2,2,2,2,3
959,4,6,8,7,8,5,2,4,3,4,10
960,9,9,9,8,9,2,1,5,3,3,2
972,8,8,9,7,7,2,1,1,2,2,5
974,8,5,8,8,8,2,2,2,1,2,11
976,8,7,9,9,5,2,2,5,1,1,6
978,98,98,98,98,98,3,1,5,1,3,5
978,5,8,5,1,5,2,2,2,3,1,3
994,8,8,8,10,8,2,2,3,1,1,4
996,8,10,10,8,8,1,1,2,1,2,6
1004,8,7,7,7,10,2,2,6,3,4,11
1024,7,6,3,5,4,4,1,3,1,2,4
1031,7,7,7,7,8,2,2,5,3,4,2
1043,9,8,8,10,10,3,2,6,3,4,9
1078,4,2,9,7,6,2,2,2,1,2,1
1092,8,8,8,6,5,2,2,5,3,4,3
1112,9,9,9,9,8,1,2,2,1,1,8
1140,9,9,10,10,10,1,2,4,1,2,11
1144,6,5,4,7,6,2,1,1,2,2,5
1145,8,8,8,5,8,2,1,5,1,2,11
1185,5,5,5,3,5,2,1,2,3,4,7
1192,8,8,9,6,9,2,2,2,1,1,2
1193,0,10,5,8,10,4,2,5,3,4,11
1204,5,5,10,4,7,3,1,1,2,2,7
1207,7,6,8,8,10,1,1,4,3,1,7
1210,7,6,10,10,10,2,1,5,1,1,6
1211,8,8,8,7,7,2,1,3,1,2,11
1214,4,5,8,10,8,3,1,6,3,3,2
1224,5,9,9,1,1,1,2,2,2,2,4
1235,8,8,8,5,2,2,2,2,1,2,9
1247,9,8,9,6,8,1,2,2,1,2,5
1251,8,8,8,9,7,2,2,2,1,1,2
1252,8,8,7,7,7,3,2,3,3,4,3
1252,7,8,9,10,8,1,1,4,2,3,5
1261,8,9,8,7,9,2,1,3,1,2,11
1271,9,9,10,8,10,1,2,3,3,2,6
1275,10,10,10,10,5,1,2,6,3,4,8
1321,8,8,8,8,10,1,1,6,1,4,11
1328,8,9,10,4,4,1,1,2,1,1,4
1332,9,10,10,7,1,3,2,1,2,3,3
1333,6,4,8,2,9,3,1,4,2,4,8
1346,7,8,9,8,9,1,1,4,1,1,5
1352,8,8,8,8,5,2,2,1,2,2,5
1375,9,9,10,10,10,1,2,4,2,4,9
1377,10,10,9,6,6,1,2,6,3,3,2
1384,9,10,9,10,9,1,2,2,1,1,9
1389,5,5,7,3,7,3,2,3,3,2,6
1399,9,7,8,8,6,2,2,1,2,2,10
1400,9,9,9,9,5,1,2,5,1,2,10
1407,10,9,8,10,10,3,1,6,1,2,8
1410,9,9,10,8,9,3,2,4,2,2,7
1436,7,7,5,1,7,3,1,2,2,2,2
1437,7,7,5,5,3,2,2,2,2,3,2
1439,9,9,8,7,8,2,2,1,2,2,4
1440,7,6,9,7,8,1,1,1,2,1,2
1447,8,8,9,9,8,1,1,2,1,1,3
1461,9,7,9,9,9,1,2,4,3,1,7
1463,8,8,10,5,2,3,1,5,3,4,6
1472,99,99,9,7,10,2,2,6,3,2,8
1475,10,10,10,7,5,1,1,2,2,1,10
1490,8,8,8,7,8,1,1,3,1,1,8
1490,8,9,6,5,8,1,2,1,2,4,3
1494,5,6,9,5,7,1,2,2,2,4,10
1497,8,9,9,9,6,1,2,6,3,3,9
1503,7,10,8,8,9,3,2,6,3,1,2
1509,8,5,8,8,8,1,2,6,3,3,9
1516,8,8,8,6,8,1,1,1,2,2,4
1527,8,3,1,8,10,4,2,6,3,2,2
1532,10,10,10,5,9,1,2,2,1,2,2
1541,7,8,8,3,9,1,2,2,1,1,8
1545,10,10,10,5,9,1,2,2,1,2,4
1549,8,8,10,6,7,2,2,2,1,1,8
1551,7,5,5,5,8,3,1,4,2,2,5
1552,7,5,0,5,0,2,1,2,1,4,11
1563,7,7,4,4,8,3,1,3,1,4,3
1565,3,3,2,7,9,4,2,3,3,4,3
1571,7,8,9,8,8,1,2,4,3,3,8
1573,8,8,8,9,8,2,1,4,1,1,8
1591,7,8,9,6,7,1,1,1,2,2,7
1600,8,9,8,5,8,3,2,4,3,3,2
1604,9,10,9,7,10,2,1,4,1,2,6
1615,10,9,10,9,8,1,1,1,2,2,7
1616,8,5,5,1,5,2,2,4,3,2,7
1616,5,5,9,5,10,2,1,3,1,3,3
1618,10,9,9,9,9,3,1,5,1,2,6
1632,9,10,10,9,5,2,2,2,1,2,7
1634,8,8,8,7,10,1,2,1,2,2,11
1641,7,7,4,4,7,3,2,3,2,3,2
1662,10,8,10,9,10,2,2,5,1,1,5
1663,7,9,8,4,7,2,2,3,1,1,2
1666,4,6,5,3,7,1,1,4,3,2,7
1676,8,8,9,7,3,1,2,6,3,2,9
1699,5,9,10,7,10,2,1,3,3,3,5
1731,10,10,10,10,10,2,2,5,3,3,9
1750,6,8,9,8,9,3,2,5,3,2,8
1760,10,10,10,10,10,2,2,6,3,4,9
1771,8,7,9,3,7,1,1,2,1,2,11
1772,10,10,6,5,10,3,2,5,3,4,7
1775,7,8,10,8,8,2,1,2,2,2,9
1777,8,8,8,9,8,1,1,2,1,1,6
1780,7,8,10,7,9,2,1,3,1,2,11
1783,4,3,10,6,8,1,1,2,2,4,5
1786,5,8,10,8,7,4,2,4,3,2,8
1790,8,10,9,9,10,3,2,6,3,1,2
1791,9,9,8,8,8,1,2,2,1,2,4
1796,5,5,3,2,8,1,1,4,3,4,11
1798,9,8,8,8,7,1,2,2,1,2,9
1800,9,9,8,7,5,1,2,1,1,2,3
1805,7,7,8,6,9,2,1,4,2,3,7
1807,7,8,7,5,9,1,2,2,2,1,8
1811,8,10,10,7,8,1,1,2,1,2,2
1818,10,9,10,1,9,1,1,1,2,2,2
1822,7,6,8,3,7,3,2,2,2,2,2
1827,8,8,8,9,10,1,1,2,1,1,10
1836,6,7,8,10,9,2,2,2,2,2,5
1837,10,9,7,7,9,3,1,3,1,2,2
1843,7,10,9,6,9,1,2,2,3,1,7
1845,7,7,9,4,0,1,2,1,1,2,10
1849,6,6,6,6,7,2,2,6,3,1,4
1854,8,8,9,7,10,1,2,2,1,1,6
1857,6,6,5,8,10,2,2,2,3,2,8
1872,10,10,10,10,10,1,1,5,1,4,9
1878,8,8,9,9,8,1,1,6,1,2,11
1880,8,8,9,9,8,1,2,4,1,2,3
1882,5,7,5,5,8,1,1,3,1,2,8
1890,10,10,10,10,8,1,2,5,3,4,6
1902,8,9,9,8,8,1,2,3,1,1,9
1907,8,8,10,9,5,1,1,5,1,1,6
1916,7,10,10,10,5,1,2,2,3,1,7
1918,9,9,9,9,5,2,2,6,3,1,10
1920,4,9,8,8,7,2,2,5,1,2,6
1926,10,10,9,10,10,2,1,5,1,2,5
1961,7,8,7,4,8,3,2,1,2,2,8
1977,10,10,10,10,10,1,1,5,1,3,8
1982,9,8,10,7,8,3,2,5,3,4,4
1985,10,10,10,10,10,2,2,4,1,2,1
2028,9,8,8,9,8,2,1,4,2,4,8
2038,9,7,10,9,10,1,1,3,1,2,10
2045,10,10,10,8,10,2,1,4,1,2,5
2052,9,9,9,8,9,2,1,2,1,4,6
2080,10,9,10,10,6,2,1,2,1,2,2
2090,9,7,10,7,6,2,1,1,1,2,8
2090,8,8,8,8,9,1,1,2,2,1,8
2091,8,10,10,10,10,2,1,4,3,4,10
2093,9,7,4,8,8,4,1,6,1,4,10
2095,7,9,9,8,10,2,2,3,1,1,8
2097,2,7,10,3,2,2,1,4,3,2,9
2104,10,10,9,10,9,1,1,6,3,2,3
2114,8,9,10,7,10,1,1,3,1,2,3
2118,8,8,10,8,9,1,1,2,1,1,3
2120,8,8,7,9,8,2,2,4,1,2,6
2125,8,9,9,9,8,2,2,4,3,1,8
2131,4,1,0,2,10,5,2,3,1,3,11
2137,7,5,7,5,9,2,2,3,1,2,8
2144,7,8,6,8,8,2,1,2,1,2,2
2149,10,10,9,8,9,1,2,2,1,1,4
2152,6,10,9,8,7,3,2,6,1,2,5
2164,6,10,2,1,10,3,1,3,3,3,5
2166,10,7,9,8,8,3,1,5,2,4,11
2184,7,7,9,6,5,1,2,2,1,1,9
2185,8,8,10,10,8,3,2,5,1,2,2
2191,10,10,10,8,9,1,1,2,1,2,7
2198,10,10,10,10,10,4,1,6,1,4,10
2198,7,9,8,6,8,2,2,2,3,4,7
2202,10,9,8,5,10,3,2,6,3,4,4
2218,8,0,4,8,5,4,1,3,3,2,9
2221,3,7,2,4,5,2,1,2,2,1,7
2222,10,10,10,8,5,1,2,4,1,4,6
2244,10,10,10,8,6,2,2,2,1,1,3
2260,3,5,5,2,7,4,2,2,1,4,5
2261,9,7,5,9,7,2,1,6,3,4,8
2261,10,8,10,10,10,1,1,5,1,2,5
2263,8,8,9,9,9,1,2,4,3,2,9
2266,6,6,5,9,5,3,2,6,3,4,9
2267,8,9,9,10,10,1,1,2,1,2,2
2267,9,10,10,8,9,1,1,5,1,4,9
2284,9,9,9,9,9,2,2,3,1,2,3
2299,7,7,7,6,7,1,2,2,2,2,8
2300,9,10,8,10,8,1,2,6,3,3,4
2304,10,8,10,10,10,2,2,2,2,2,11
2317,5,6,3,0,9,1,1,3,2,2,7
2336,7,7,7,7,6,2,2,3,1,2,3
2336,5,5,2,5,6,2,2,2,2,2,5
2341,8,7,7,7,8,1,2,1,1,1,5
2343,10,9,8,10,8,1,2,1,1,2,8
2362,4,6,10,3,10,2,2,2,1,2,2
2366,9,10,10,10,9,2,2,5,1,2,9
2390,8,9,8,7,10,1,2,2,1,2,8
2391,6,9,6,6,10,4,1,5,3,3,3
2392,8,6,10,3,8,2,2,2,2,4,2
2395,9,10,9,8,10,2,1,5,1,2,6
2403,7,7,5,4,5,1,2,1,2,1,7
2414,7,7,8,10,7,2,2,6,1,1,2
2417,9,5,6,7,4,1,1,3,1,4,2
2427,9,10,8,7,10,2,1,5,1,1,6
2432,8,5,8,5,6,1,1,2,1,2,2
2432,7,8,7,4,7,1,2,2,1,2,4
2438,7,8,4,6,7,2,1,2,1,1,8
2474,8,10,7,7,10,2,2,2,1,4,9
2476,9,4,6,5,10,4,1,3,1,4,3
2478,9,9,10,9,9,2,1,5,1,3,9
2487,2,2,9,1,10,3,2,6,3,4,11
2489,5,9,10,3,8,1,2,2,3,2,2
2490,8,8,8,7,8,1,2,3,1,1,10
2507,4,7,9,8,9,4,1,6,3,2,11
2508,10,10,10,10,10,2,1,6,3,3,2
2513,9,10,8,10,10,2,2,5,1,2,2
2514,5,3,7,9,8,3,2,4,1,1,1
2526,7,7,8,7,7,2,1,4,1,1,7
2538,8,8,8,10,7,2,2,3,1,1,9
2544,6,7,9,6,5,1,2,5,3,2,6
2549,9,9,9,10,9,2,1,6,1,1,11
2554,9,9,10,8,10,2,1,3,1,3,2
2567,5,5,0,8,10,4,2,5,1,3,8
2575,9,10,10,9,8,1,2,2,1,2,8
2577,8,8,10,7,6,1,2,2,2,2,5
2578,9,7,9,9,10,3,2,6,3,2,8
2590,10,10,10,10,10,3,2,4,1,2,6
2607,0,5,2,6,7,3,1,3,2,2,8
2612,6,10,10,4,10,2,1,2,3,3,2
2621,8,10,9,3,7,1,2,2,1,1,8
2623,9,9,10,10,9,1,2,6,3,2,8
2625,8,7,10,2,8,2,1,2,2,3,2
2633,4,8,0,6,5,4,2,2,2,3,11
2641,10,10,10,10,8,1,2,5,1,2,7
2652,10,8,8,5,9,3,2,4,1,2,2
2666,7,8,8,7,9,2,2,3,2,2,6
2676,10,10,10,8,1,2,2,2,2,2,3
2683,8,8,9,6,9,3,1,2,2,2,6
2684,8,8,8,8,7,2,2,2,2,1,5
2684,8,8,7,9,7,2,2,4,1,1,9
2688,3,8,10,10,10,5,2,5,3,2,4
2688,8,9,9,3,8,3,2,5,1,1,6
2706,9,9,10,9,4,1,2,2,1,1,11
2711,8,7,7,6,6,2,1,2,1,1,3
2711,10,8,9,9,10,1,1,4,3,2,8
2715,8,8,10,10,10,1,2,4,3,3,9
2718,9,9,9,9,8,1,1,4,2,2,8
2720,7,7,7,8,9,2,2,6,3,4,6
2734,4,4,4,4,8,4,2,4,1,1,10
2734,7,5,8,6,7,3,2,5,1,2,8
2770,5,5,5,4,7,3,2,4,2,2,5
2776,7,8,10,8,10,3,1,6,1,4,5
2776,10,10,10,10,10,1,2,5,3,1,10
2779,7,5,7,8,7,1,1,4,1,1,8
2784,10,10,6,8,5,4,2,4,1,4,1
2788,8,9,8,7,8,2,1,5,1,3,6
2792,8,8,9,7,4,1,1,5,1,3,8
2793,8,7,9,8,10,2,2,5,3,2,5
2796,10,10,9,10,8,2,1,6,1,4,1
2796,7,7,7,6,6,2,2,5,1,4,4
2797,8,9,8,7,10,1,1,2,1,4,11
2808,9,9,9,7,10,1,1,2,1,1,5
2810,8,8,10,7,6,2,2,4,1,4,2
2819,8,8,8,9,9,1,1,3,3,1,4
2821,9,7,8,6,5,3,2,5,3,4,7
2821,8,9,9,10,10,2,1,5,2,2,2
2824,1,1,1,1,0,5,1,4,2,4,11
2842,10,10,10,10,10,2,1,6,3,2,9
2842,7,9,6,8,8,2,2,3,1,1,11
2844,6,7,4,8,10,3,1,2,2,4,9
2850,5,6,9,3,3,2,1,2,3,2,2
2850,9,9,9,10,8,2,1,5,2,3,6
2852,0,10,5,0,10,4,2,5,3,4,10
2861,8,8,7,8,5,2,1,2,1,3,11
2876,9,9,10,7,8,1,2,2,1,1,6
2884,5,4,2,4,6,4,1,6,3,4,1
2886,7,7,8,5,8,1,1,2,2,2,8
2900,6,6,6,2,10,3,2,3,1,4,1
2902,9,9,9,8,8,1,1,3,1,1,8
2909,9,10,7,5,10,3,2,4,3,3,4
2909,5,7,2,4,5,1,1,3,3,2,11
2933,5,7,8,8,7,3,2,4,1,2,8
2934,8,7,8,7,9,2,1,6,1,1,8
2940,5,7,7,5,10,1,2,5,3,2,4
2942,6,8,6,7,4,2,2,2,2,2,6
2943,7,7,8,6,6,1,2,6,3,4,8
2950,7,9,10,8,8,2,1,2,1,2,7
2955,9,9,10,7,10,2,2,5,3,2,9
2965,8,8,8,8,8,1,2,2,1,1,11
2966,5,5,5,0,7,2,2,3,3,4,7
2971,9,9,9,7,7,2,2,4,3,1,9
2982,9,10,9,5,8,2,2,5,3,1,11
2986,7,7,7,8,7,2,1,4,2,1,3
2991,10,5,9,9,8,1,2,6,3,2,2
2997,8,8,7,6,9,1,2,2,1,1,9
3011,7,6,9,6,7,2,1,1,2,1,7
3011,8,9,9,9,8,1,1,5,1,2,9
3031,8,9,10,10,8,1,1,2,2,1,2
3044,7,8,7,8,7,2,2,5,1,1,5
3048,7,8,8,8,8,3,1,6,3,4,7
3057,10,10,10,10,9,1,1,5,1,1,11
3075,9,9,9,8,10,2,2,6,3,4,2
3090,5,4,4,7,8,3,2,2,1,1,9
3091,8,8,8,10,8,1,2,5,2,1,11
3098,10,9,10,9,10,1,2,3,1,3,2
3107,10,10,10,9,7,1,2,2,1,1,3
3111,7,6,6,8,10,1,2,2,2,2,2
3114,9,10,7,10,9,1,2,2,1,1,10
3114,6,8,9,7,6,1,1,1,2,4,5
3117,5,3,4,7,5,3,1,3,2,3,4
3149,2,4,4,4,6,3,2,4,3,4,1
3151,10,8,10,10,9,1,2,2,1,1,6
3152,8,8,9,9,6,1,2,2,1,1,11
3160,8,10,9,5,10,2,2,4,3,4,3
3160,10,10,10,8,9,1,2,2,1,1,2
3162,5,8,5,3,10,1,2,3,3,2,6
3166,8,8,8,8,9,1,2,6,3,4,10
3168,7,8,8,7,7,1,1,2,1,2,6
3177,4,10,5,5,5,4,2,4,3,2,8
3194,7,9,7,7,5,2,1,3,3,1,5
3197,9,10,6,7,8,2,2,3,2,1,3
3199,2,5,3,8,4,3,2,3,3,2,8
3211,8,9,8,8,10,1,1,2,2,2,8
3220,10,10,10,10,10,1,1,4,1,2,8
3247,8,8,9,9,9,2,1,4,1,2,7
3277,8,8,4,4,10,3,2,3,3,1,5
3284,8,9,10,10,10,2,1,5,1,2,8
3286,10,7,8,8,8,1,2,4,1,2,6
3293,8,9,10,6,7,1,1,3,1,2,2
3295,8,9,7,10,5,2,2,3,1,1,7
3296,2,3,10,10,9,4,2,6,3,4,3
3305,9,10,10,10,10,1,2,3,2,3,8
3308,8,8,10,8,4,1,2,2,1,2,6
3322,4,6,2,5,2,4,2,3,2,4,11
3331,8,10,8,5,6,2,1,3,1,2,2
3345,8,10,10,6,10,1,2,4,3,4,9
3349,8,8,7,5,8,2,2,2,1,1,7
3349,9,9,9,5,7,1,1,2,1,1,2
3355,8,7,9,6,10,1,1,3,3,1,11
3357,8,8,8,10,7,3,2,6,3,2,11
3358,7,8,8,5,5,5,2,4,3,4,1
3375,7,7,7,7,3,1,1,3,1,1,11
3378,8,8,10,10,10,1,1,2,1,2,2
3382,7,8,6,4,7,2,1,5,3,1,8
3387,9,8,7,8,10,1,1,5,1,2,9
3389,4,4,1,2,1,3,2,4,2,2,9
3391,7,7,8,7,7,1,1,2,3,1,8
3392,9,9,10,9,6,3,2,5,3,4,6
3395,9,9,8,8,2,3,2,6,3,4,3
3401,10,10,10,10,9,1,2,2,1,1,7
3403,5,6,9,5,9,1,2,2,2,1,9
3404,8,8,8,7,7,1,1,3,1,2,9
3406,8,8,7,9,7,1,1,3,1,2,1
3416,5,7,3,2,9,3,1,4,1,2,2
3422,6,99,6,7,6,2,1,4,2,4,9
3430,9,8,9,8,6,1,2,2,1,3,6
3431,8,10,10,10,3,2,2,5,3,4,4
3448,7,7,8,6,7,3,1,1,2,2,1
3452,10,10,10,7,7,3,2,2,2,4,5
3460,8,7,7,8,8,1,2,6,3,4,3
3476,5,9,6,7,9,4,2,5,3,4,2
3481,8,8,10,6,10,2,1,1,2,1,11
3507,9,9,9,10,10,2,1,4,2,3,7
3512,8,8,9,8,10,1,1,2,1,3,4
3514,9,9,8,5,9,2,1,2,1,1,8
3521,5,5,8,8,10,2,1,6,3,2,4
3528,10,10,8,9,9,1,2,2,1,1,8
3531,7,5,7,4,6,2,2,2,3,1,5
3543,8,5,9,5,7,2,1,3,3,4,11
3545,7,7,7,7,8,1,1,2,1,3,9
3547,8,8,8,6,7,2,2,4,3,2,8
3551,10,10,10,10,10,1,2,3,1,1,3
3553,8,8,8,7,10,1,1,2,1,2,6
3554,7,8,3,5,3,1,2,2,2,3,7
3571,3,6,9,7,8,3,1,5,3,1,4
3572,8,8,10,7,9,1,2,3,3,2,7
3579,10,10,10,7,10,2,2,5,1,2,4
3586,9,9,9,10,9,1,1,2,1,1,10
3608,0,9,10,5,10,2,1,5,3,2,2
3622,8,10,10,10,10,2,2,1,2,2,2
3639,7,8,8,6,7,2,1,2,1,2,9
3652,7,4,10,2,8,1,1,2,2,1,11
3664,10,9,7,8,9,3,2,5,1,4,10
3684,10,10,10,10,10,1,2,3,1,4,11
3700,0,0,8,0,8,5,2,5,3,4,6
3714,8,6,5,7,7,2,2,5,1,4,7
3743,9,9,9,7,10,1,1,4,1,1,5
3753,10,9,5,10,8,2,2,3,1,3,7
3776,10,10,10,8,8,3,2,5,3,4,11
3783,9,9,9,9,9,1,2,5,1,1,6
3788,8,8,7,7,7,1,2,3,1,2,4
3801,7,7,8,5,8,1,2,3,3,2,9
3807,10,10,10,8,10,1,2,2,1,1,8
3808,5,5,9,8,9,3,1,6,3,4,2
3819,8,8,9,8,7,1,1,5,1,2,8
3824,7,7,8,7,10,2,1,6,1,4,1
3829,8,8,9,9,10,2,1,2,1,1,11
3834,6,10,6,3,5,2,1,2,1,2,6
3836,8,8,9,8,9,1,2,4,1,2,6
3864,8,10,8,10,10,1,2,4,3,1,3
3872,8,8,9,5,9,2,2,2,2,2,5
3876,10,5,10,4,10,2,1,1,2,2,7
3886,8,6,7,6,9,2,2,6,2,4,11
3898,9,10,9,8,8,2,2,3,1,2,5
3904,10,10,10,10,10,99,1,6,1,4,7
3911,5,8,6,6,6,3,2,5,3,4,11
3920,10,10,10,0,9,1,1,3,2,2,7
3928,7,6,8,5,7,2,1,2,2,2,7
3928,8,10,10,6,5,1,1,2,1,2,8
3930,9,8,10,8,10,2,1,2,3,2,8
3930,9,9,10,9,8,2,2,4,1,2,8
3932,10,8,9,8,10,1,2,4,1,2,9
3946,7,5,7,7,6,2,1,6,3,4,11
3946,7,7,6,7,9,1,2,2,2,3,10
3952,5,5,7,8,7,2,2,4,2,1,11
3965,8,8,9,9,10,1,2,5,1,4,2
3987,10,8,5,9,0,1,2,2,1,1,3
3997,9,9,10,9,9,1,2,3,1,1,9
4008,8,6,10,9,8,2,1,5,1,4,6
4022,9,9,9,9,10,2,2,4,3,2,10
4027,8,7,8,7,8,1,1,2,1,2,6
4032,10,10,8,6,10,2,1,4,1,3,10
4034,10,10,8,10,10,1,2,5,1,4,8
4037,8,8,10,8,8,2,1,3,1,2,4
4040,9,9,10,10,10,1,1,5,2,4,2
4041,9,10,10,10,10,3,2,6,1,4,6
4060,7,7,7,6,8,2,1,5,1,1,4
4068,6,8,7,7,10,3,2,6,3,2,2
4072,8,8,7,8,7,2,1,5,1,3,11
4080,8,7,7,9,7,1,1,2,1,1,9
4082,10,10,9,10,10,1,2,5,1,2,8
4086,5,8,9,2,10,1,2,2,3,2,8
4089,8,9,8,9,8,1,2,2,1,1,5
4092,5,7,9,7,9,4,1,4,1,2,4
4099,9,9,9,9,9,2,1,2,1,2,8
4104,7,6,9,10,8,1,1,2,1,1,4
4134,8,8,9,7,8,1,2,5,3,1,4
4145,7,8,9,9,6,3,2,2,1,2,6
4145,7,10,10,10,9,2,2,6,3,2,7
4148,9,8,10,9,10,2,1,5,3,3,9
4152,8,8,10,7,7,1,1,2,1,2,8
4153,10,8,8,7,7,3,2,5,1,4,7
4154,4,4,2,0,5,4,2,4,3,4,8
4155,0,0,0,0,7,3,1,1,2,4,2
4181,9,9,9,5,9,1,2,1,2,2,3
4186,8,8,8,7,6,1,2,2,1,2,2
4186,8,8,10,8,7,1,2,2,2,1,8
4196,5,6,7,4,9,2,1,1,2,2,4
4206,5,5,7,6,7,2,1,6,3,4,3
4206,8,9,9,7,7,2,2,2,1,2,8
4212,8,8,8,8,10,3,1,5,1,2,4
4230,9,9,10,8,10,2,1,5,1,1,7
4234,10,10,10,10,10,2,1,4,3,3,2
4235,9,10,7,9,8,3,2,4,1,3,6
4236,7,7,9,7,9,2,1,5,2,4,7
4246,8,6,9,8,9,3,2,2,1,1,2
4252,9,10,10,9,10,2,2,4,1,2,8
4256,7,8,7,4,9,3,2,3,1,2,5
4261,7,7,8,4,6,2,1,1,2,2,4
4271,9,9,10,8,9,3,2,5,1,1,9
4287,8,7,8,5,9,2,1,3,3,2,3
4287,9,8,9,10,7,1,1,3,1,1,4
4289,10,8,9,8,9,2,2,3,1,2,5
4300,10,9,8,10,6,2,1,6,3,4,2
4302,9,8,7,8,8,2,1,3,2,2,3
4319,8,8,10,9,8,1,2,2,1,1,10
4320,8,8,8,6,8,2,1,2,2,2,11
4326,6,10,4,10,10,3,2,5,3,4,3
4326,10,10,10,8,10,1,1,5,1,2,8
4329,9,9,10,10,8,2,1,4,1,1,5
4339,8,9,10,10,9,1,1,3,2,1,8
4349,8,10,8,7,10,1,1,3,1,2,9
4351,8,5,8,9,10,2,1,5,2,4,7
4362,7,8,1,3,7,2,2,2,1,2,10
4362,8,7,8,6,8,1,1,2,1,1,11
4373,7,7,5,9,7,2,2,5,3,2,8
4384,6,8,7,4,4,1,1,4,3,1,2
4391,8,8,8,7,5,2,1,3,1,2,2
4402,8,10,8,7,10,2,1,3,3,4,9
4425,8,7,5,10,3,3,1,5,1,1,5
4430,9,6,9,10,10,2,2,5,1,2,4
4430,4,6,5,0,4,2,2,2,1,2,8
4446,10,10,10,10,10,2,1,3,1,4,4
4451,10,10,10,10,5,1,2,2,1,1,11
4469,0,2,2,0,8,4,1,3,1,1,7
4483,7,9,8,6,10,1,1,2,2,3,2
4509,3,3,1,2,7,4,1,2,2,2,7
4514,8,8,9,4,9,2,1,2,1,2,9
4517,8,8,9,7,9,2,1,6,2,2,2
4526,8,8,9,9,10,2,1,6,3,4,9
4561,4,99,6,5,98,4,1,6,1,2,4
4562,2,2,6,4,8,1,1,2,2,3,11
4563,0,5,1,7,5,5,2,1,2,2,8
4596,8,9,7,8,9,2,2,3,1,1,2
4596,7,8,9,8,10,2,2,2,1,3,5
4603,7,7,9,6,8,1,2,2,1,1,7
4606,7,7,8,9,8,1,1,3,1,1,6
4619,10,10,10,10,10,2,2,4,3,1,7
4620,8,8,8,9,8,2,1,5,1,1,11
4623,8,8,9,10,7,1,2,3,1,2,7
4635,8,9,8,9,9,1,1,6,3,2,4
4638,10,8,8,8,6,2,1,3,1,2,3
4640,8,8,9,6,9,1,1,2,2,1,5
4669,10,10,8,3,9,2,1,1,2,2,3
4674,2,2,7,2,9,4,1,6,1,2,11
4680,7,6,9,8,9,4,2,4,1,2,6
4692,7,7,8,8,9,1,1,1,2,2,1
4693,5,5,4,0,3,1,2,1,2,4,8
4698,9,9,9,9,5,2,2,5,1,2,4
4704,9,9,9,9,6,2,2,6,3,2,7
4706,7,7,10,7,8,1,2,4,3,3,9
4708,7,8,10,8,9,1,2,3,3,2,5
4712,10,10,10,6,8,1,2,1,2,2,8
4717,9,6,7,5,7,4,2,5,1,4,4
4717,8,8,9,5,8,2,2,3,1,2,7
4719,10,9,10,10,9,2,2,4,1,1,8
4734,8,8,10,10,9,1,2,3,3,2,2
4736,7,7,7,8,7,3,1,5,3,1,2
4737,10,10,8,10,0,3,2,4,1,4,2
4738,9,9,9,5,6,2,2,2,2,2,1
4740,8,9,7,5,9,2,1,2,2,1,7
4741,5,9,8,10,10,2,2,2,3,4,7
4746,9,9,9,6,9,1,1,6,3,1,5
4749,10,9,9,8,7,3,1,5,1,4,9
4777,9,9,10,9,9,1,1,3,2,2,8
4793,9,9,8,8,9,2,2,6,2,4,5
4797,7,7,8,6,6,2,2,2,1,2,4
4800,9,9,10,8,9,1,2,3,1,3,9
4807,8,7,7,4,8,2,1,2,1,1,8
4808,8,10,8,9,9,4,2,2,2,1,5
4816,9,10,9,9,8,2,2,3,2,2,3
4819,7,10,10,6,9,1,2,2,1,1,10
4821,5,8,10,8,2,2,2,6,3,2,3
4852,9,9,10,6,6,2,2,1,2,1,8
4859,9,6,9,6,6,4,2,5,3,2,9
4872,9,10,9,9,8,1,1,6,1,1,6
4879,10,10,10,8,10,1,2,2,1,1,8
4889,9,9,6,8,9,1,2,2,1,1,10
4892,8,7,10,8,6,3,1,2,1,4,2
4899,9,8,7,6,8,2,2,4,1,2,8
4903,7,10,6,4,6,1,1,2,1,2,4
4924,8,9,6,7,10,2,1,4,1,4,8
4926,10,8,7,10,8,2,2,3,2,2,6
4926,3,10,4,9,5,1,2,3,1,3,10
4927,8,9,8,7,9,2,1,1,2,2,2
4932,9,8,9,9,7,3,2,2,1,2,8
4932,9,9,9,8,10,1,2,5,2,1,7
4944,8,9,6,7,9,2,1,4,1,1,2
4945,6,10,10,9,10,2,2,6,3,2,3
4961,10,10,8,10,5,3,2,3,1,2,3
4964,8,8,6,7,7,2,2,2,1,1,2
4965,10,7,7,6,10,3,1,6,1,1,10
4968,9,9,9,5,7,3,2,2,1,2,4
4971,8,9,7,9,9,3,1,3,1,1,5
4973,8,7,10,4,8,2,1,2,1,2,3
4975,9,8,9,8,8,1,2,5,1,3,8
4976,8,8,9,5,8,1,2,2,1,1,10
4987,7,10,10,6,8,2,1,4,3,2,2
5009,8,8,10,3,9,1,1,2,1,2,8
5014,9,7,6,7,8,3,1,5,1,2,8
5036,9,8,10,10,7,1,2,4,2,1,7
5039,9,10,10,6,10,1,1,2,1,1,5
5058,9,9,9,9,6,1,1,2,1,2,3
5069,8,8,8,9,4,1,1,2,1,2,8
5069,8,9,9,7,8,1,1,2,1,3,5
5075,6,8,8,9,6,2,1,5,2,2,7
5078,8,10,10,10,10,2,2,3,1,2,5
5085,10,10,10,9,8,2,2,3,1,2,2
5087,9,9,9,8,8,2,1,5,1,4,3
5092,8,7,10,9,8,2,2,5,1,2,7
5092,6,6,5,5,5,1,2,2,2,3,7
5097,8,9,8,9,8,3,1,2,1,2,7
5099,8,6,8,7,10,1,1,2,2,2,9
5101,8,5,8,8,7,2,2,6,3,2,9
5119,8,10,10,10,10,3,1,4,1,3,8
5132,7,8,9,7,7,1,2,1,2,2,9
5146,6,8,9,8,9,3,2,4,1,2,2
5150,10,8,8,10,10,1,2,4,3,2,2
5162,10,8,9,10,10,2,1,4,1,4,2
5163,5,5,5,8,8,3,1,4,1,1,9
5164,7,7,8,7,6,2,1,3,3,2,6
5176,6,8,8,6,7,1,1,2,1,1,5
5178,10,10,10,10,7,2,2,1,1,2,3
5184,10,8,10,6,9,2,1,2,1,3,9
5191,5,10,10,10,7,4,1,5,1,4,6
5195,8,7,9,8,9,1,2,1,1,2,1
5199,7,6,5,7,4,3,2,2,1,2,4
5199,10,10,10,10,10,2,2,6,1,4,8
5209,8,10,10,8,10,4,2,6,1,4,11
5215,9,9,9,9,8,1,1,4,1,4,11
5219,6,8,9,9,2,1,1,2,1,4,7
5234,7,7,6,5,9,2,2,3,1,2,4
5239,9,9,8,8,8,2,2,5,3,2,5
5246,7,9,10,4,8,1,1,2,1,2,3
5269,8,7,8,5,8,1,1,4,3,2,10
5281,5,5,10,9,10,3,2,5,3,2,6
5298,7,7,9,4,9,1,1,1,2,3,7
5300,10,10,10,7,10,1,2,2,1,4,9
5305,10,8,10,8,10,1,2,2,1,1,11
5306,6,8,4,6,8,2,2,2,1,1,5
5309,7,7,7,8,7,3,2,6,3,4,5
5313,8,8,9,7,9,1,1,2,1,2,6
5326,10,8,9,10,10,2,2,6,1,1,5
5333,6,7,8,3,5,2,1,2,1,2,4
5338,9,10,7,6,9,1,1,3,1,1,3
5351,9,10,10,8,8,2,1,6,1,1,6
5356,9,8,9,9,8,2,1,2,2,2,2
5360,10,10,10,5,5,3,2,4,3,4,9
5362,8,8,7,7,8,2,1,6,3,4,9
5374,7,6,8,9,6,2,1,5,1,3,8
5383,8,8,8,9,9,2,2,5,1,4,3
5404,5,7,7,9,8,1,2,4,1,1,5
5411,9,9,8,9,9,2,1,3,1,1,5
5428,8,8,7,7,8,2,1,2,1,1,9
5429,8,9,10,9,9,2,1,5,1,1,3
5445,8,8,9,6,8,2,1,5,3,4,9
5452,8,8,9,0,8,2,1,1,2,4,2
5460,9,9,10,10,8,1,2,6,3,4,3
5464,8,8,8,7,9,3,1,2,1,3,10
5490,9,9,10,7,9,1,1,5,3,1,8
5500,10,8,10,10,7,3,2,3,1,2,2
5506,10,10,10,5,6,2,1,5,1,3,1
5514,8,8,8,8,5,1,2,5,1,4,5
5514,7,7,10,8,8,1,1,4,3,4,10
5524,6,6,5,8,9,3,2,6,1,3,8
5524,9,8,10,10,9,2,1,5,3,1,3
5534,10,10,10,8,10,3,2,5,2,4,2
5536,3,3,0,3,9,2,2,3,3,3,8
5543,9,10,9,9,8,1,2,5,3,3,6
5543,9,9,9,10,10,1,1,2,2,1,7
5548,0,10,0,3,0,5,2,3,3,3,9
5555,8,8,10,6,8,3,2,5,3,2,6
5557,8,7,9,7,8,1,2,2,1,1,10
5569,5,7,5,7,9,2,2,3,2,2,9
5576,7,7,9,8,6,1,1,2,1,1,8
5584,8,8,9,8,9,1,1,2,1,1,8
5589,8,9,7,10,6,2,1,1,1,1,7
5602,9,8,10,10,10,1,2,1,1,1,4
5606,8,9,8,2,10,2,2,5,3,2,8
5608,8,10,8,9,10,2,2,6,3,4,5
5620,7,7,7,7,10,2,1,4,1,4,10
5620,8,8,8,8,8,1,1,2,1,1,7
5624,8,8,8,5,10,3,2,5,3,4,8
5628,10,10,10,9,10,1,1,4,1,3,9
5629,8,8,8,6,8,2,2,2,2,1,11
5631,8,7,9,8,7,1,2,3,3,2,1
5633,8,7,9,7,7,1,1,2,2,3,3
5634,9,8,10,9,8,2,1,3,1,2,5
5637,4,5,5,6,6,1,1,3,1,3,2
5638,8,8,9,9,7,2,1,1,2,2,8
5640,7,7,7,4,7,1,2,4,3,2,9
5659,5,8,5,7,7,2,2,3,3,2,8
5661,5,8,10,10,0,1,2,3,3,4,1
5662,6,6,7,8,8,1,2,2,1,2,3
5683,9,9,8,8,9,2,2,2,1,2,10
5685,9,5,10,10,10,3,2,6,3,2,3
5687,8,8,4,6,8,3,2,2,1,3,6
5695,5,9,6,5,10,3,2,3,2,2,9
5695,8,7,9,8,7,2,2,2,1,1,6
5700,10,10,10,10,8,1,1,3,1,2,9
5700,8,8,10,8,9,1,2,3,1,1,6
5701,6,8,9,5,8,3,2,6,1,4,6
5707,2,2,0,0,10,4,1,2,2,2,2
5708,8,9,9,9,7,2,1,2,1,2,8
5715,7,7,7,5,10,1,2,2,1,2,4
5725,8,9,9,5,9,1,2,3,1,1,7
5726,8,8,9,7,7,1,1,2,3,2,6
5731,9,10,10,10,5,2,2,2,1,2,2
5743,9,9,8,9,9,1,2,5,3,1,3
5749,8,6,10,9,9,1,2,1,2,2,11
5752,5,5,9,2,5,2,1,1,2,2,7
5755,6,6,7,7,7,2,2,2,1,2,2
5758,7,10,9,9,7,3,1,5,1,3,11
5759,7,8,9,5,8,2,1,3,3,3,4
5763,9,8,9,9,8,2,2,3,1,1,3
5765,9,9,9,8,10,1,1,2,2,1,8
5766,8,9,8,7,9,1,2,3,3,2,8
5767,6,6,8,4,5,3,2,6,3,2,3
5770,3,5,0,7,8,5,1,5,1,1,3
5772,9,9,9,9,7,2,2,4,1,4,3
5772,9,7,9,9,10,2,2,2,1,2,8
5772,7,7,8,5,7,1,2,4,3,1,9
5776,8,8,9,9,8,1,2,4,1,1,11
5780,10,9,10,5,10,2,2,4,3,4,10
5790,8,8,9,8,8,1,2,3,2,1,11
5799,8,7,7,10,8,2,2,6,3,2,6
5799,8,7,8,8,6,2,2,5,2,2,6
5802,7,9,9,5,8,1,1,2,1,2,9
5814,9,10,9,9,8,3,2,6,1,2,2
5816,8,6,9,7,9,2,1,1,2,1,8
5825,8,10,10,8,10,3,2,4,2,4,3
5834,10,7,6,6,10,3,2,6,3,2,11
5836,7,7,7,5,6,3,2,2,2,1,9
5845,8,10,5,5,10,2,2,4,1,2,8
5866,9,9,10,8,10,1,2,6,1,2,3
5876,10,8,9,8,10,3,2,5,3,4,4
5878,7,7,7,6,8,2,1,2,2,1,10
5882,8,8,9,9,9,1,1,5,1,1,11
5904,8,7,8,8,9,3,1,3,1,2,2
5911,10,10,10,6,10,1,2,5,3,2,11
5914,10,10,10,8,10,4,2,4,1,4,8
5923,8,8,7,7,8,3,2,2,1,1,7
5924,8,5,6,8,8,4,1,5,1,4,2
5925,7,8,7,6,6,2,2,5,3,1,6
5950,9,9,8,9,9,1,2,2,1,2,7
5951,10,10,10,2,10,2,1,3,1,3,1
5954,7,8,9,6,8,2,1,2,1,2,1
5954,8,8,8,7,9,2,1,4,2,2,8
5955,6,7,8,2,6,2,1,4,2,1,9
5964,10,10,10,7,7,1,2,2,1,1,8
5985,9,8,8,8,9,1,1,5,1,1,6
5995,7,8,8,6,6,2,2,2,1,2,4
5997,7,8,9,9,10,2,2,6,1,3,3
6001,5,7,6,2,2,2,2,2,2,1,9
6001,4,4,10,0,10,1,1,1,2,1,3
6023,7,7,8,6,9,3,1,3,1,2,4
6037,10,9,9,10,10,2,1,5,1,2,8
6044,8,8,10,8,9,1,2,5,1,2,6
6048,8,8,10,8,7,1,2,2,1,1,8
6051,7,8,9,8,10,2,2,4,1,3,1
6052,7,8,10,8,8,4,1,5,1,4,7
6057,6,6,5,1,0,3,1,3,3,2,4
6062,8,8,8,6,7,1,2,2,3,2,11
6064,9,10,10,8,7,2,1,3,1,3,1
6070,8,10,10,8,9,2,1,2,2,1,8
6075,10,10,10,10,10,2,1,6,1,4,4
6089,8,8,7,8,9,2,2,4,1,1,3
6093,10,10,10,7,10,1,2,2,1,2,10
6093,8,8,8,8,5,1,1,3,1,2,11
6102,8,8,8,5,5,2,1,2,1,2,7
6107,5,6,4,4,5,3,1,3,1,2,3
6123,5,4,9,9,8,3,2,6,3,4,5
6134,7,8,10,6,10,1,2,1,2,2,11
6147,10,10,10,5,5,1,1,3,1,2,11
6158,8,9,9,9,8,3,1,3,1,2,6
6158,7,7,9,9,6,3,1,3,2,2,8
6159,10,10,10,7,8,1,2,1,2,3,3
6163,5,8,3,1,8,3,2,6,3,1,2
6163,8,8,9,6,8,1,2,2,1,1,6
6178,8,8,7,5,3,2,1,3,1,4,8
6181,9,9,7,6,5,1,2,2,2,4,9
6183,8,8,10,10,10,1,1,6,3,2,9
6188,8,8,7,7,3,1,2,2,1,1,2
6191,8,9,10,8,9,2,2,6,3,2,5
6194,10,6,10,7,10,2,2,5,3,4,10
6204,7,10,9,1,10,1,2,2,1,2,6
6215,9,9,9,7,10,1,2,2,1,1,5
6219,5,10,10,5,10,3,2,3,3,4,1
6230,9,9,9,9,9,1,2,4,1,2,3
6236,7,8,8,8,8,2,1,2,3,1,5
6254,8,8,9,8,10,3,2,3,1,2,2
6260,7,9,8,7,7,3,2,5,3,2,1
6261,9,8,9,9,8,1,1,4,2,4,8
6262,7,9,9,6,8,2,1,2,3,2,9
6270,8,9,6,10,10,1,2,5,2,1,11
6273,8,8,7,4,6,2,2,2,2,2,2
6275,4,9,6,8,9,2,2,4,3,1,6
6290,7,8,8,4,7,2,1,1,2,2,8
6309,8,10,5,9,9,2,2,3,1,3,1
6327,8,10,10,8,7,1,1,4,3,2,9
6329,10,10,10,8,10,2,1,4,3,2,1
6333,9,9,8,9,10,1,2,4,1,2,2
6348,2,2,4,6,8,4,2,6,3,4,8
6353,8,7,10,10,8,1,2,6,3,3,11
6360,8,10,10,6,10,1,2,2,3,2,2
6360,7,8,7,6,5,1,1,1,2,2,4
6375,8,8,9,7,4,1,1,2,2,2,3
6389,7,8,7,7,7,2,1,2,1,2,8
6389,8,8,8,7,7,2,1,2,1,2,6
6389,7,7,5,4,8,1,1,1,1,2,11
6390,8,8,7,5,8,2,1,2,3,2,3
6390,8,6,9,3,6,1,1,2,2,1,10
6425,0,4,4,0,0,3,2,2,3,4,1
6438,8,8,10,5,6,3,1,5,1,4,11
6439,4,4,0,0,8,2,2,2,1,2,2
6442,9,9,10,10,8,3,2,2,2,2,8
6444,8,10,10,10,8,2,2,4,3,4,11
6453,7,7,8,7,7,2,1,2,1,1,7
6455,8,8,7,7,7,2,1,4,2,1,8
6470,9,8,10,0,5,1,1,4,1,2,7
6472,6,5,4,4,10,2,2,2,2,2,1
6477,5,4,8,3,10,2,2,4,1,3,8
6517,9,8,9,9,10,1,1,4,1,1,2
6524,8,9,9,8,5,2,1,5,2,2,4
6526,10,9,6,9,8,3,2,5,1,2,1
6533,7,9,8,7,3,1,2,4,1,1,10
6534,8,8,9,6,10,2,2,6,3,3,10
6535,5,3,5,3,7,2,1,3,2,2,5
6540,5,7,9,6,4,1,2,2,3,2,5
6547,7,6,3,5,1,3,2,1,2,2,5
6567,8,8,8,7,8,1,1,2,1,2,3
6577,8,7,8,8,9,2,1,4,1,2,4
6587,7,9,8,8,9,5,1,6,3,4,5
6587,8,8,8,8,7,2,1,6,1,1,2
6590,7,7,8,8,8,3,2,6,3,4,2
6605,8,8,10,2,7,2,2,2,2,2,4
6607,9,10,8,8,8,2,1,4,1,1,9
6609,10,10,8,4,8,3,2,3,3,2,11
6614,8,7,8,6,9,1,2,2,1,4,5
6615,5,9,8,8,10,4,2,6,1,4,2
6616,8,10,10,5,10,1,2,3,3,2,9
6620,9,10,10,10,8,1,1,2,1,2,7
6622,0,0,4,8,0,4,1,4,3,3,11
6624,9,9,9,9,7,1,2,3,1,1,9
6625,9,9,8,6,10,1,2,2,1,1,3
6629,8,8,10,8,10,2,2,6,1,4,9
6637,8,9,10,6,9,1,1,2,1,2,7
6639,9,6,9,9,8,1,1,3,3,2,11
6647,5,3,2,3,1,3,2,1,2,2,3
6651,6,8,7,4,8,1,2,2,3,2,10
6665,7,7,8,8,5,1,2,2,1,2,6
6666,7,8,8,7,6,2,1,2,3,1,4
6669,6,7,8,6,8,3,2,3,3,2,10
6672,9,8,8,6,7,1,2,2,1,1,2
6673,5,7,7,8,10,1,2,4,3,2,8
6679,8,8,8,7,6,1,2,2,1,1,6
6683,8,7,8,3,8,3,1,2,1,3,1
6685,9,9,10,8,8,1,2,2,1,2,2
6687,8,7,3,4,8,3,1,4,1,1,4
6688,10,10,9,9,8,2,2,6,1,4,8
6689,7,8,7,8,6,2,2,2,2,2,5
6694,7,8,8,9,6,2,2,3,1,2,9
6717,8,9,10,7,6,2,1,1,2,2,5
6718,10,10,10,6,9,4,2,4,3,4,2
6724,8,8,9,7,8,1,1,1,2,3,7
6736,6,6,8,2,5,4,2,2,3,2,8
6737,7,8,8,8,8,1,1,5,1,1,5
6749,9,9,10,8,7,2,2,4,1,2,8
6754,6,6,7,5,7,2,1,3,1,3,2
6773,7,9,7,9,3,1,2,2,2,2,4
6780,8,10,10,7,7,1,2,2,2,2,2
6800,8,8,8,8,10,4,2,6,1,1,5
6802,8,5,8,10,10,2,2,3,1,2,1
6804,5,6,4,5,9,4,2,4,3,4,2
6806,7,7,8,8,8,4,2,6,3,2,5
6820,9,6,8,7,9,1,2,2,1,1,8
6825,10,7,10,8,9,2,1,2,1,2,9
6826,9,9,9,4,9,1,1,2,1,2,4
6826,8,8,9,8,9,1,1,3,1,2,4
6830,8,8,4,9,9,4,2,5,1,4,11
6840,8,7,8,5,7,1,2,2,1,2,6
6843,7,7,6,7,9,3,2,5,3,2,8
6844,10,8,10,6,7,1,1,2,2,2,8
6847,7,7,8,5,7,2,1,3,1,2,7
6865,8,99,10,10,5,1,2,2,2,3,1
6893,9,9,10,8,9,1,1,3,1,2,5
6908,7,8,7,4,4,2,2,3,1,1,5
6913,7,4,4,2,6,2,1,4,2,2,5
6914,7,6,10,9,9,3,1,2,1,2,6
6916,7,6,4,5,6,1,1,1,2,2,7
6937,9,10,10,9,10,2,1,3,2,2,7
6937,8,9,10,8,4,1,1,3,2,1,8
6943,9,8,8,8,7,2,1,5,1,1,4
6944,6,6,4,6,10,4,2,3,1,2,11
6944,7,8,8,6,10,1,1,4,1,3,11
6956,10,10,8,0,10,3,2,5,3,3,7
6957,9,10,8,8,9,2,2,3,1,2,4
6963,10,9,10,8,9,1,2,2,1,1,6
6971,9,10,9,8,8,2,2,2,1,2,5
6990,8,10,10,10,10,1,1,3,1,3,10
7003,8,6,6,7,10,1,2,2,1,1,7
7004,7,8,8,8,8,2,2,6,3,4,4
7017,7,7,8,8,8,2,1,4,1,2,4
7033,8,8,10,10,5,2,2,4,1,1,4
7049,6,9,7,3,10,2,2,2,2,1,8
7060,9,10,9,10,10,1,2,2,1,1,5
7070,8,10,7,8,9,2,2,5,3,2,2
7071,9,8,9,9,10,2,1,2,1,1,3
7086,10,8,8,8,8,2,1,5,3,2,7
7100,6,8,6,4,9,2,2,2,3,2,2
7106,9,8,7,6,8,2,2,3,3,2,3
7107,10,10,10,7,10,2,2,3,2,2,2
7109,7,8,10,6,4,1,2,1,2,1,7
7128,4,5,9,2,8,1,1,2,1,4,6
7129,6,9,4,8,8,3,2,3,3,2,11
7144,8,7,8,3,6,2,2,1,2,2,4
7160,8,10,8,5,5,2,2,2,2,4,3
7161,10,8,10,8,7,4,2,5,3,4,4
7193,8,9,9,7,7,3,2,5,1,3,3
7194,8,5,9,2,5,2,1,1,2,4,6
7199,8,7,6,7,4,2,2,1,2,2,11
7206,6,6,5,7,10,3,2,5,3,2,10
7208,10,10,10,8,5,2,1,6,1,4,3
7220,9,9,9,8,9,1,2,2,2,1,5
7232,10,8,10,7,10,1,1,2,1,3,9
7249,8,9,10,6,9,2,2,4,1,2,2
7259,2,7,2,0,8,5,1,3,2,2,7
7262,8,8,10,8,6,2,1,2,1,3,4
7262,10,10,8,10,10,1,1,6,3,4,3
7266,10,8,10,0,8,2,1,3,3,1,2
7279,7,8,10,7,10,2,2,2,2,1,9
7280,7,7,8,8,7,3,1,4,2,2,10
7292,5,4,6,5,6,2,2,6,3,4,5
7343,9,10,9,10,7,2,2,5,1,3,9
7357,8,8,6,6,10,1,1,6,3,4,11
7359,10,9,9,9,7,2,2,4,1,4,2
7364,8,8,5,7,8,2,2,2,1,1,2
7366,5,7,7,7,9,3,2,6,2,3,2
7373,7,7,8,7,3,1,2,3,1,1,5
7377,10,10,5,7,10,3,1,4,1,3,2
7380,7,8,7,7,7,1,2,2,1,1,2
7385,8,5,10,7,7,1,1,1,2,2,7
7387,8,8,8,8,8,2,2,2,1,2,8
7391,9,10,10,8,10,2,1,1,2,2,8
7393,7,10,8,3,5,3,2,5,3,2,3
7397,10,8,10,10,6,1,2,3,1,2,3
7407,8,5,8,3,8,4,1,1,1,2,6
7425,10,5,10,10,10,3,1,5,3,4,11
7431,7,7,7,4,9,2,2,4,1,3,10
7439,10,10,10,8,10,2,1,4,1,3,11
7444,9,8,8,9,9,3,1,5,1,1,7
7447,8,8,9,9,10,1,1,3,1,2,5
7459,10,10,10,8,10,2,2,5,1,4,9
7475,9,9,8,9,7,1,2,2,1,1,6
7485,8,7,10,8,10,2,2,2,3,3,3
7486,8,7,9,4,8,1,2,2,2,1,4
7491,8,9,7,9,9,4,2,5,1,3,1
7491,8,9,8,6,8,2,2,5,3,2,5
7508,7,7,7,8,9,2,1,5,1,2,3
7512,7,8,8,7,7,2,1,3,1,2,4
7530,9,7,10,7,5,2,2,5,1,4,7
7539,10,10,10,10,10,2,2,5,1,4,8
7540,10,10,8,6,7,2,1,4,1,3,2
7542,8,8,5,8,6,3,1,3,1,2,4
7544,6,7,5,5,9,1,1,3,2,1,11
7569,8,10,10,5,6,2,2,3,3,2,6
7569,5,7,9,3,1,2,1,3,1,1,6
7575,10,9,8,7,5,3,2,1,2,2,6
7580,6,9,6,5,10,3,1,5,1,2,5
7599,4,4,7,1,8,3,1,4,3,2,5
7599,9,8,8,5,8,2,2,4,3,1,10
7602,9,9,9,9,9,1,1,3,1,2,7
7612,7,8,10,3,8,2,1,2,2,1,2
7615,9,10,10,6,8,1,1,6,1,4,10
7616,8,9,9,9,10,1,1,5,2,1,9
7616,7,6,10,5,10,1,2,3,1,1,7
7621,8,9,9,10,10,2,2,2,1,1,3
7627,8,8,8,8,8,2,1,5,3,2,1
7634,10,10,10,10,10,1,1,6,1,1,8
7638,10,9,10,10,10,2,2,4,1,2,8
7639,9,9,10,10,10,1,2,4,3,4,4
7650,4,5,9,3,8,2,2,4,1,2,3
7654,4,6,4,6,7,4,1,5,3,2,7
7654,9,9,9,9,9,2,1,2,1,1,10
7656,8,6,8,7,8,2,2,6,3,2,3
7660,9,10,9,5,4,3,2,5,3,2,7
7665,8,8,8,5,10,2,2,5,3,2,10
7667,7,8,8,5,9,3,1,5,1,1,11
7675,0,0,1,5,7,5,2,3,3,2,3
7677,5,5,10,0,8,1,1,2,2,3,5
7678,5,5,0,5,0,5,1,5,3,3,3
7685,8,8,10,8,7,2,1,3,1,1,2
7687,8,8,10,10,8,2,2,2,1,2,7
7697,8,9,3,5,3,4,1,4,2,3,11
7702,8,8,9,10,9,2,1,6,1,4,5
7704,8,8,8,9,10,3,1,6,3,4,11
7712,10,10,9,10,0,1,2,2,1,4,11
7719,8,9,9,9,9,1,1,5,1,2,6
7720,7,8,10,4,10,2,2,1,2,2,7
7722,6,10,10,5,8,1,1,2,2,1,5
7723,5,5,4,7,7,4,1,4,3,4,8
7725,7,8,6,5,9,2,1,3,1,2,8
7735,7,7,7,5,10,2,2,5,1,4,2
7742,10,10,10,8,7,4,1,5,1,2,2
7754,8,8,9,10,9,1,1,1,2,3,6
7760,9,9,10,10,10,3,1,5,3,1,2
7771,2,0,0,0,8,3,1,2,2,4,9
7773,8,8,9,9,8,2,1,5,3,3,3
7785,9,9,9,8,7,3,2,5,1,3,9
7785,10,10,8,10,10,2,2,6,3,3,3
7786,9,9,9,7,7,3,2,2,1,2,5
7789,6,8,7,4,4,2,2,2,2,1,8
7796,8,9,9,6,3,1,2,2,1,1,4
7800,8,8,8,7,7,2,2,1,2,2,7
7805,5,8,8,6,9,1,2,3,1,2,7
7808,10,10,5,10,8,4,2,6,3,4,4
7819,7,8,5,7,9,3,1,3,1,2,9
7841,9,8,8,9,5,2,1,4,1,2,11
7874,10,10,6,10,10,2,2,5,3,4,3
7892,10,10,10,8,10,1,2,6,3,1,3
7903,10,10,10,5,10,4,2,5,3,2,9
7907,7,9,9,5,10,1,2,1,2,2,3
7915,4,3,4,8,6,3,2,6,3,4,5
7917,8,7,7,3,9,2,1,1,2,4,8
7922,8,9,10,6,4,2,1,2,1,2,8
7926,7,99,9,6,4,2,2,4,1,4,8
7932,10,10,8,10,10,1,2,6,1,4,8
7949,7,8,8,5,10,4,2,4,1,2,8
7960,2,5,2,5,10,4,1,2,2,4,11
7964,7,6,7,10,9,1,2,2,1,1,7
7965,10,8,8,8,9,4,1,4,3,2,7
7965,8,8,5,6,8,1,1,2,1,2,7
7975,9,8,9,7,6,2,1,1,2,2,11
7977,5,3,5,2,8,5,1,4,3,2,2
7981,9,10,9,8,10,1,2,5,3,1,8
7984,7,8,10,3,9,1,1,2,1,2,3
7986,8,10,8,2,10,1,2,2,1,3,9
8000,10,10,8,9,8,1,1,2,1,1,2
8021,8,10,10,6,10,3,2,2,2,2,2
8029,8,8,7,8,6,3,2,4,1,2,8
8033,7,10,10,7,5,1,2,2,1,2,11
8041,7,9,10,5,10,2,2,4,3,2,6
8043,6,8,9,10,10,4,2,6,3,4,2
8055,8,8,6,9,8,3,1,5,3,3,1
8056,6,6,8,6,8,1,2,4,1,3,11
8071,8,6,9,9,7,2,2,1,2,2,8
8074,9,9,9,9,8,1,2,1,2,2,3
8079,9,9,9,9,8,2,2,5,3,2,11
8083,6,10,7,4,7,3,2,4,3,2,6
8084,9,9,10,8,6,1,2,2,1,1,1
8085,9,9,9,10,7,1,1,5,1,4,6
8087,8,8,9,7,7,1,1,2,1,2,5
8089,5,7,10,10,7,2,2,5,3,4,8
8091,9,6,10,8,8,3,1,5,3,4,4
8102,9,9,10,9,9,1,1,5,1,1,5
8105,7,7,7,7,8,2,2,4,2,1,11
8115,10,10,9,10,4,1,1,1,2,2,2
8118,9,9,10,9,10,2,2,2,1,4,10
8118,10,4,7,8,10,1,1,2,2,1,2
8122,8,9,10,8,5,2,2,3,3,4,7
8124,5,5,7,7,8,3,2,2,3,2,11
8135,7,7,8,7,6,2,2,3,1,2,11
8140,10,10,10,10,10,2,1,5,1,4,9
8146,6,7,7,4,8,2,1,3,3,3,8
8198,6,10,6,5,10,3,2,4,1,1,2
8211,6,6,6,6,9,2,2,2,2,2,11
8221,8,8,7,8,9,1,2,3,1,1,7
8235,7,99,9,8,8,3,1,5,3,1,6
8238,4,9,6,3,9,2,2,2,1,2,2
8245,8,8,10,8,10,1,2,4,1,3,11
8252,8,7,9,7,8,1,2,3,2,2,4
8253,2,2,5,0,2,3,1,2,1,2,3
8253,9,9,10,6,10,2,2,2,1,2,2
8262,10,10,6,9,9,3,1,6,1,3,5
8262,10,10,10,10,10,1,2,2,2,4,11
8283,8,8,8,7,5,2,1,2,1,2,5
8302,5,10,9,4,0,1,2,1,2,4,6
8318,2,5,7,3,9,2,1,2,3,4,3
8318,8,10,10,10,10,2,1,5,3,2,1
8332,9,9,9,8,9,1,2,5,3,3,11
8357,9,8,9,8,9,2,2,2,2,2,8
8357,10,8,9,9,9,1,1,5,1,2,9
8367,0,10,0,3,0,2,1,3,2,1,7
8375,8,7,9,6,8,1,1,2,2,1,2
8380,5,5,5,0,10,3,1,4,1,4,7
8383,8,8,10,8,10,1,2,2,1,2,4
8391,5,5,10,9,9,2,1,3,3,4,3
8391,7,8,9,6,6,1,1,4,1,1,8
8398,6,5,4,9,8,3,1,6,1,3,8
8406,7,6,3,4,7,2,1,2,1,2,6
8409,10,10,10,10,10,3,2,4,1,4,9
8415,10,9,9,10,9,2,1,6,1,2,4
8429,8,9,7,7,5,2,1,3,3,2,6
8430,9,9,10,5,10,3,1,6,1,3,4
8443,9,7,10,9,10,3,2,6,3,2,2
8460,10,10,9,5,9,2,2,2,1,2,3
8464,6,6,8,6,10,1,2,2,1,3,9
8465,9,10,9,7,8,2,2,4,1,1,2
8480,7,7,8,5,8,1,1,2,2,1,9
8483,10,10,10,10,10,1,2,4,3,2,9
8484,5,8,7,8,8,1,1,2,2,1,8
8489,10,8,10,9,10,1,2,3,3,4,3
8493,8,8,9,9,9,3,2,6,3,4,9
8501,7,8,6,8,8,2,2,3,1,3,4
8508,7,7,9,7,9,2,1,4,1,1,9
8509,7,8,7,1,8,1,1,1,2,1,7
8514,9,10,8,7,10,2,1,5,3,4,3
8514,8,8,10,5,8,1,2,3,1,1,6
8532,10,10,10,10,10,2,2,5,1,3,11
8538,10,8,9,8,7,2,2,2,1,2,4
8539,2,0,6,9,10,3,1,6,1,1,8
8541,9,9,8,7,10,2,2,5,1,2,4
8567,9,8,10,8,9,2,1,6,1,4,4
8585,8,7,9,4,4,3,1,5,3,2,4
8586,8,9,10,10,8,3,2,6,1,2,6
8589,8,8,10,9,7,3,1,5,2,4,2
8589,5,6,3,2,6,2,1,2,1,1,2
8601,9,9,8,7,9,3,2,5,1,4,5
8605,9,9,8,8,5,2,2,2,1,3,9
8619,7,5,10,8,9,2,2,6,3,4,8
8628,8,8,8,3,9,2,2,2,2,4,6
8630,5,7,10,5,7,2,2,4,2,2,4
8634,5,8,6,5,5,1,2,2,1,2,7
8646,8,8,10,7,8,2,1,3,3,2,10
8658,9,9,9,9,9,2,1,5,1,1,2
8658,8,7,10,6,7,2,2,2,2,2,1
8661,6,8,9,8,8,1,2,4,3,2,11
8665,7,5,9,8,5,3,2,5,1,4,7
8665,8,8,9,8,8,1,1,2,3,1,8
8667,9,9,6,4,9,2,2,2,1,2,8
8672,9,9,7,3,8,2,2,1,2,2,2
8677,8,8,10,6,7,1,2,1,2,1,5
8687,8,8,7,8,6,3,1,5,3,4,6
8701,8,9,10,7,7,2,1,2,2,3,4
8704,9,9,10,10,8,1,2,4,3,1,4
8705,7,8,8,7,8,2,1,2,3,2,9
8711,8,8,7,7,9,2,1,2,1,1,3
8714,6,10,7,8,6,1,2,2,1,1,9
8717,8,10,10,9,10,3,2,6,3,2,5
8719,9,7,9,10,9,1,1,5,1,1,9
8722,8,7,8,8,7,2,2,2,2,2,11
8728,6,6,8,8,5,3,2,1,2,2,2
8735,8,8,8,8,8,2,2,6,3,3,10
8739,6,7,8,3,5,3,2,3,3,2,9
8762,6,6,10,6,8,4,2,3,1,2,3
8789,9,9,8,8,7,1,2,4,1,1,8
8791,4,5,9,1,9,1,2,2,1,4,5
8793,9,9,9,9,9,1,1,3,2,1,11
8796,3,3,1,1,8,4,2,2,2,2,6
8804,8,5,9,5,7,1,1,2,2,2,2
8808,5,10,10,6,6,2,1,4,1,1,1
8810,10,10,10,2,5,1,1,2,1,2,7
8813,7,7,8,8,8,3,1,3,1,3,5
8830,8,9,9,8,9,1,1,4,2,2,6
8841,6,7,5,3,8,3,2,5,1,4,5
8841,8,7,8,10,9,2,1,5,1,2,7
8861,8,10,10,10,10,1,1,6,3,3,1
8862,2,0,0,3,10,5,2,2,1,4,2
8864,5,9,5,3,8,1,2,2,1,2,8
8880,10,10,10,10,7,1,2,3,1,2,8
8882,8,6,9,9,9,1,1,6,1,2,1
8883,9,9,10,8,10,1,1,2,1,2,3
8911,9,10,8,7,9,2,2,5,2,1,6
8915,3,6,6,5,4,5,2,6,3,4,3
8915,8,8,8,8,8,1,2,4,1,2,3
8921,9,10,8,8,10,2,2,2,3,3,9
8923,8,7,8,7,7,3,2,4,1,2,3
8932,9,9,8,9,10,3,2,6,1,4,4
8956,4,7,10,7,5,1,2,3,1,1,3
8961,8,10,10,8,10,2,2,4,1,4,2
8985,10,9,9,9,6,2,2,4,3,1,2
9003,10,10,10,9,7,1,2,2,1,1,3
9009,8,10,10,6,10,1,2,2,2,2,8
9014,7,8,9,6,8,2,1,2,2,2,8
9019,8,7,10,7,4,1,2,3,3,1,2
9028,6,6,10,10,8,1,1,3,1,2,7
9036,8,7,8,8,6,2,2,4,1,2,4
9037,9,8,10,7,8,2,2,6,3,4,2
9049,10,10,10,8,10,1,2,5,1,2,8
9052,5,6,8,5,5,2,2,1,2,2,8
9075,7,9,9,6,9,1,2,2,1,1,7
9076,7,7,5,2,6,2,2,2,1,1,9
9076,9,8,9,9,9,1,2,3,1,2,8
9095,8,10,10,10,10,3,2,4,1,2,1
9108,8,8,8,8,8,1,1,6,3,4,3
9113,8,9,9,9,8,1,2,4,1,1,8
9118,7,7,10,7,5,1,1,2,1,1,7
9132,9,9,7,4,9,1,2,1,2,1,11
9136,9,8,9,3,10,1,1,2,1,2,9
9144,8,7,8,5,8,1,2,2,1,1,2
9149,10,10,9,1,10,1,2,6,1,4,8
9150,2,0,0,4,8,4,1,2,2,2,8
9152,8,6,7,7,4,3,2,4,3,2,11
9153,7,9,8,5,7,2,1,4,1,1,9
9158,9,9,8,4,3,2,2,2,3,4,11
9163,5,10,8,10,4,2,2,5,1,1,11
9173,8,8,10,7,8,1,1,3,1,2,2
9178,9,10,10,8,10,1,1,6,1,3,11
9183,4,8,8,5,10,2,2,2,2,3,1
9189,4,1,10,5,3,1,1,1,2,2,11
9199,9,10,10,10,10,2,1,6,1,2,5
9202,10,10,9,9,8,2,2,4,1,2,4
9207,6,6,6,5,8,3,2,2,1,2,2
9211,8,9,10,7,7,2,1,2,1,2,6
9212,6,10,7,10,10,1,1,4,3,2,10
9216,10,10,10,7,10,2,2,2,2,2,5
9218,10,9,9,9,10,2,2,3,3,2,6
9218,10,10,8,10,10,2,1,6,3,4,5
9225,7,8,9,7,8,5,2,3,3,2,11
9241,8,8,8,10,8,2,2,5,1,4,5
9243,8,8,8,6,10,4,2,6,1,2,3
9261,8,7,7,7,7,2,2,2,1,2,8
9268,5,7,9,8,6,3,2,2,3,1,5
9272,9,7,9,5,9,1,1,2,1,1,7
9273,9,9,9,7,7,1,1,2,1,2,10
9306,6,6,6,8,8,3,1,6,1,2,3
9312,9,9,10,9,9,1,1,4,1,3,6
9312,10,8,9,8,10,1,2,4,1,2,8
9316,6,5,7,8,5,3,1,5,3,4,5
9324,8,8,6,6,8,1,2,2,1,1,7
9326,5,8,5,1,8,1,2,3,3,2,11
9338,7,7,5,6,6,4,1,5,1,2,2
9355,9,9,9,9,10,1,1,4,1,2,11
9356,9,8,9,5,9,2,1,5,1,2,4
9361,9,8,8,9,7,1,2,2,1,1,8
9365,10,8,8,8,10,3,2,4,1,2,2
9376,7,9,9,9,9,1,1,1,2,2,7
9377,10,10,8,8,10,2,2,3,3,2,4
9384,8,10,10,6,1,1,2,5,3,3,7
9385,2,2,2,2,9,4,1,4,2,3,9
9413,10,10,10,10,5,1,2,2,1,2,11
9425,8,8,10,8,8,2,1,4,2,2,3
9426,9,8,9,8,9,1,1,5,1,2,5
9443,7,9,8,7,5,4,1,5,3,4,11
9453,8,8,8,8,8,1,2,5,1,2,6
9522,5,8,7,7,9,2,1,3,3,1,6
9539,8,6,8,8,9,2,2,2,2,4,6
9542,0,8,10,6,5,2,1,2,1,3,3
9573,9,9,7,8,9,3,2,5,1,4,4
9574,10,10,10,10,10,2,2,6,1,3,4
9580,10,10,10,10,9,1,2,4,1,2,5
9611,9,9,9,7,8,1,1,2,1,2,9
9617,10,10,10,10,10,2,1,2,1,2,7
9624,8,7,8,8,8,3,1,3,1,1,2
9644,10,7,10,10,9,3,1,6,1,4,11
9649,4,5,5,8,10,5,2,2,2,2,6
9652,8,7,6,8,6,2,2,2,1,2,2
9657,10,10,10,7,8,1,2,6,3,1,11
9660,7,9,9,8,6,2,1,4,1,1,8
9665,5,6,5,3,7,2,1,3,3,1,5
9670,6,6,7,4,8,3,1,2,1,1,3
9671,3,9,9,9,9,4,2,4,3,1,7
9678,10,8,10,10,10,1,2,4,1,2,6
9685,8,8,6,8,8,3,2,3,1,1,5
9690,1,5,3,2,10,4,1,4,2,3,11
9690,7,7,7,7,10,2,2,6,3,3,3
9692,9,7,8,7,7,1,2,2,2,2,5
9696,8,9,10,9,10,1,2,4,3,2,5
9702,7,9,10,5,10,4,2,4,3,4,3
9702,8,7,8,8,8,2,1,2,3,1,8
9709,8,9,8,5,1,2,2,3,1,2,10
9729,7,7,8,7,8,4,2,6,3,2,8
9751,9,9,9,10,10,2,1,6,1,3,11
9770,7,8,7,8,8,3,2,6,3,3,4
9772,6,8,10,10,10,2,2,5,1,2,3
9773,7,8,9,4,2,1,1,1,2,2,7
9779,10,10,10,10,8,3,2,5,1,3,11
9798,7,10,8,5,8,3,1,3,3,2,1
9805,9,9,9,9,5,2,1,2,1,3,4
9808,8,8,7,8,8,1,2,5,1,1,11
9810,10,9,10,8,5,1,2,5,3,1,4
9828,8,8,4,10,8,3,1,6,1,2,2
9839,8,6,10,7,8,2,1,3,1,2,3
9849,7,9,8,10,10,2,2,4,3,1,8
9853,8,9,9,9,9,2,2,1,2,2,2
9857,8,8,9,9,8,1,1,2,3,1,8
9869,10,10,8,10,10,2,2,6,2,3,2
9874,5,7,1,2,9,5,2,4,3,4,4
9876,9,9,9,5,9,1,1,3,2,2,4
9895,9,9,8,8,8,2,1,4,1,2,9
9896,8,8,8,8,9,1,1,3,1,1,2
9908,7,8,8,7,7,2,2,4,3,4,1
9913,6,4,10,10,0,2,1,2,2,4,7
9928,8,8,8,5,8,1,1,3,1,1,3
9930,8,10,10,9,8,1,2,2,1,1,11
9937,98,98,98,98,98,98,2,5,1,4,3
9943,7,7,5,8,8,3,1,6,1,4,4
9956,8,8,9,9,9,1,2,2,1,2,5
9958,1,5,3,5,7,4,2,4,1,4,11
9966,8,8,8,8,9,3,1,4,1,4,10
9970,7,7,10,10,8,2,2,5,3,3,1
9988,8,8,8,9,8,2,1,2,2,2,7
9988,4,4,7,98,5,2,1,2,1,2,2
10014,8,8,7,10,10,3,2,6,1,2,6
10026,8,9,8,10,10,2,2,4,1,4,11
10026,9,9,7,8,9,2,1,5,1,2,8
10030,10,9,10,9,9,2,1,3,1,2,8
10034,4,4,5,8,8,3,1,5,1,3,4
10034,10,10,10,10,10,2,2,4,1,2,9
10038,8,7,5,8,10,3,2,5,3,4,3
10039,6,6,8,7,8,2,1,4,3,2,7
10039,10,8,9,10,10,1,2,6,3,4,8
10042,4,7,7,8,3,3,1,2,1,3,2
10044,4,10,5,5,10,1,2,3,2,2,9
10049,8,7,8,3,2,2,1,2,1,2,7
10049,9,7,10,9,7,1,2,1,2,4,10
10050,6,6,8,4,8,2,1,5,1,2,2
10051,10,5,10,5,10,2,1,4,3,3,4
10063,8,7,8,8,5,1,1,6,1,2,5
10067,7,8,7,9,10,2,2,4,3,2,2
10090,10,10,10,10,10,1,2,4,1,4,4
10092,7,7,10,5,7,2,2,2,1,3,8
10117,5,0,10,10,10,3,1,5,3,4,11
10118,0,2,2,0,0,2,1,1,2,2,9
10128,8,8,8,7,7,1,1,2,1,2,9
10130,0,7,8,5,10,1,1,6,3,4,2
10135,6,8,8,8,8,2,1,4,3,1,8
10136,8,5,5,4,8,2,2,3,2,4,9
10138,8,10,10,8,4,3,1,5,1,4,10
10139,7,7,8,8,8,1,1,5,1,4,10
10141,8,8,8,6,9,2,2,3,1,2,6
10149,8,8,8,8,5,2,2,2,1,3,8
10152,7,5,5,5,8,2,1,3,1,2,5
10163,6,9,7,7,10,2,2,3,1,1,7
10166,8,8,9,9,8,2,2,4,3,4,4
10179,5,7,6,5,6,3,2,2,3,2,8
10181,5,6,6,3,3,3,1,2,2,3,1
10182,7,8,8,6,9,1,1,3,1,2,9
10182,8,10,6,5,5,1,1,1,2,2,4
10187,9,10,8,7,4,3,2,4,1,2,8
10207,10,8,9,9,9,2,2,5,1,1,7
10219,5,8,6,5,7,2,2,3,1,1,7
10219,8,7,9,7,7,1,2,2,1,1,7
10225,8,7,9,9,8,1,1,2,2,1,8
10226,0,2,4,0,4,4,1,4,3,1,10
10237,7,8,8,7,6,2,2,2,1,1,2
10247,10,9,9,8,9,3,2,3,2,4,10
10248,8,8,7,8,10,3,2,6,3,1,8
10294,2,2,3,0,10,5,1,4,3,2,10
10296,4,3,5,10,1,5,2,6,1,3,7
10297,6,8,8,8,8,1,1,5,1,3,1
10298,8,7,8,7,9,1,1,3,1,1,11
10307,10,10,1,1,10,5,2,5,3,4,11
10307,9,10,10,5,7,1,1,2,1,2,8
10317,6,99,7,8,8,1,2,2,1,2,6
10318,8,8,8,7,6,1,2,4,3,2,6
10328,9,9,9,8,7,1,1,2,1,1,9
10334,9,10,10,8,10,1,1,2,1,1,7
10345,8,7,9,7,8,2,2,4,1,1,4
10354,5,5,5,3,8,1,2,2,2,2,5
10363,8,5,8,9,8,2,1,1,2,2,2
10387,10,8,9,7,8,3,1,5,1,4,5
10390,7,9,8,7,10,2,2,5,1,4,5
10412,10,9,9,10,9,2,1,1,2,2,8
10421,8,10,7,1,8,2,2,2,1,1,8
10425,7,8,7,6,8,1,2,2,1,1,2
10433,9,9,10,10,9,1,1,4,3,2,3
10434,8,8,10,8,8,2,1,2,1,1,2
10439,8,6,8,8,10,3,1,2,2,1,3
10442,8,8,8,7,6,2,2,4,3,1,3
10444,10,10,9,4,7,1,1,1,2,2,10
10446,10,10,8,9,5,1,2,1,1,4,1
10453,8,8,8,8,7,1,1,2,1,4,6
10459,10,10,8,10,8,2,2,6,1,2,8
10460,9,10,5,10,9,2,2,1,2,2,11
10464,10,9,10,10,9,1,1,2,1,1,5
10474,9,9,8,8,10,2,2,6,3,1,3
10476,9,10,9,4,10,1,2,5,3,1,2
10486,8,8,10,8,9,1,1,3,1,1,8
10493,3,5,10,10,10,4,1,5,3,4,2
10495,10,10,10,8,6,2,2,2,1,2,3
10499,5,9,10,5,2,2,1,6,1,2,2
10501,7,9,7,9,9,3,1,3,2,2,8
10502,4,4,5,5,6,3,2,5,2,1,8
10513,9,8,8,5,5,3,2,4,1,1,9
10519,9,9,9,5,9,1,1,6,1,4,3
10519,7,7,10,7,9,1,2,2,1,2,7
10524,9,9,9,5,8,1,2,2,1,2,6
10524,8,8,8,8,8,1,1,4,3,1,9
10530,0,0,8,8,1,2,2,6,2,2,9
10543,9,10,10,8,8,1,1,4,1,2,2
10544,6,5,6,6,7,1,1,2,1,2,9
10545,6,6,7,2,10,1,2,2,1,1,2
10547,9,10,8,9,10,2,1,2,1,1,1
10548,7,8,7,5,4,2,1,2,2,2,4
10565,6,9,10,7,10,2,1,5,3,4,10
10573,10,10,10,3,10,3,1,4,1,3,11
10587,5,6,10,5,6,2,2,2,2,4,9
10589,10,5,8,8,6,2,1,5,1,1,6
10598,10,8,9,10,10,1,1,6,1,2,8
10608,10,10,10,10,10,2,2,6,3,1,10
10609,10,10,10,10,7,1,2,3,1,2,1
10611,8,7,7,8,8,2,1,5,1,2,1
10611,7,9,6,5,9,1,2,2,1,4,6
10617,10,10,8,8,10,3,2,6,1,3,8
10645,6,9,6,5,7,3,2,3,1,2,9
10672,9,5,5,5,7,5,2,5,3,4,7
10678,4,6,10,2,6,1,2,2,1,2,3
10683,10,7,10,10,10,3,2,6,3,4,2
10689,9,9,9,7,8,3,1,2,1,4,1
10693,8,8,9,9,10,2,1,5,1,1,11
10702,8,8,9,9,10,2,1,3,1,1,5
10705,9,6,10,7,7,1,2,5,3,4,7
10722,9,10,10,8,8,1,2,5,1,3,2
10726,10,10,9,8,10,1,2,6,3,4,9
10729,9,10,10,10,10,2,2,1,2,2,3
10729,9,9,8,8,10,1,2,2,1,1,10
10732,10,10,10,10,10,2,1,4,2,1,11
10749,10,10,7,10,10,1,2,3,1,2,4
10759,8,7,10,7,7,2,2,2,2,1,10
10760,7,9,10,5,0,2,1,4,1,1,10
10760,9,10,9,9,9,2,1,2,2,1,6
10763,7,9,7,3,9,3,1,2,2,2,8
10764,8,8,9,9,10,1,2,4,3,2,7
10765,7,8,9,7,10,1,1,2,1,3,11
10773,8,9,8,9,6,1,2,2,1,1,8
10780,8,8,7,1,7,2,1,3,1,2,11
10805,8,8,8,6,10,2,1,3,1,2,10
10818,6,7,9,6,9,2,2,4,3,2,7
10835,7,7,10,7,6,2,1,2,2,3,3
10838,8,8,9,3,7,1,1,2,1,1,11
10844,9,8,9,9,9,3,1,4,1,4,6
10856,7,8,7,6,7,1,1,2,2,2,7
10857,8,6,7,8,9,2,2,2,1,1,8
10873,7,8,7,8,9,2,1,2,1,1,7
10885,7,8,8,5,8,2,2,2,2,1,7
10886,9,9,8,9,9,2,2,3,1,1,2
10890,9,8,9,7,9,3,1,6,1,4,3
10894,1,5,9,0,9,2,2,5,3,2,2
10906,6,9,5,7,10,2,1,2,2,1,10
10913,8,8,7,7,8,3,1,4,1,4,11
10930,8,7,6,6,9,2,2,1,2,2,8
10936,8,8,8,8,10,3,2,6,3,4,3
10939,4,5,3,8,8,2,1,5,3,1,11
10947,8,10,8,8,10,2,1,3,1,2,11
10958,8,7,10,5,8,1,2,2,1,1,7
10965,9,10,10,8,8,1,1,2,1,1,8
10969,8,8,8,8,5,2,2,4,1,2,10
10978,7,7,8,8,6,1,2,4,3,2,3
10990,7,8,7,8,8,2,2,2,2,1,3
11005,7,7,8,6,8,2,1,3,2,2,9
11009,10,7,8,8,10,2,2,4,3,1,5
11017,5,8,10,8,6,1,2,4,1,4,9
11020,10,10,9,8,10,1,1,4,1,2,10
11021,8,8,9,6,6,2,2,5,2,4,8
11023,5,3,4,6,8,3,2,3,1,3,7
11032,9,10,10,10,10,1,2,3,1,2,11
11046,8,7,7,10,6,1,2,1,2,2,11
11072,7,9,6,6,7,3,2,5,3,4,7
11076,10,10,10,6,10,2,1,2,1,3,4
11079,10,9,10,10,8,3,1,6,3,4,5
11082,10,8,10,8,7,1,1,2,1,1,2
11087,7,8,10,1,0,1,1,2,1,2,9
11092,8,10,10,7,10,1,1,2,1,2,11
11093,7,9,9,8,9,2,2,4,2,2,3
11097,8,8,10,5,8,1,2,4,1,1,7
11103,9,8,9,9,8,1,1,4,1,1,9
11112,9,8,8,8,5,2,2,5,1,3,6
11126,8,8,10,8,10,4,2,6,3,4,7
11131,9,9,9,8,8,2,2,4,1,4,11
11134,5,8,7,6,10,3,2,3,1,2,8
11139,7,7,8,5,8,2,1,2,1,2,6
11143,9,7,10,8,10,1,1,4,1,2,5
11144,10,7,8,7,10,1,1,4,1,2,4
11156,8,7,10,7,9,2,1,2,1,3,8
11160,8,9,9,8,7,3,1,2,2,1,8
11160,7,8,9,10,7,1,2,1,2,2,3
11162,5,3,9,0,5,4,1,4,3,2,9
11172,10,10,10,9,8,2,1,5,1,4,6
11172,10,10,9,10,10,1,1,4,1,2,8
11172,8,8,7,8,9,1,2,4,3,1,5
11194,5,6,10,7,10,2,1,4,1,2,2
11194,10,10,8,10,10,2,2,4,3,2,10
11206,10,10,10,10,10,2,2,6,1,3,2
11211,8,10,8,8,8,3,2,4,3,2,2
11225,10,10,10,10,9,2,2,3,1,2,3
11228,8,8,8,5,10,2,2,3,1,2,9
11250,10,5,10,10,10,4,2,5,3,4,11
11266,9,10,10,10,10,2,1,4,1,1,3
11269,99,99,6,2,8,2,1,2,1,1,8
11275,10,10,10,10,8,1,1,6,1,4,3
11278,8,8,10,8,10,3,1,6,3,4,2
11280,8,7,9,7,9,1,2,2,1,2,3
11281,8,6,8,7,8,1,1,4,1,2,9
11283,7,6,4,5,8,3,1,3,2,4,6
11293,9,10,7,10,10,2,1,6,3,4,6
11310,10,10,10,10,10,1,2,4,1,4,6
11311,8,8,10,7,10,1,2,2,3,3,2
11314,6,9,10,7,8,1,1,3,1,1,8
11323,7,7,8,2,8,3,1,3,1,2,5
11326,9,8,6,8,8,2,2,4,1,1,6
11336,9,9,9,9,8,1,1,4,3,3,2
11342,5,5,10,5,8,2,2,2,2,3,3
11347,9,8,10,8,9,1,1,5,1,1,7
11372,10,10,10,9,10,1,1,2,1,3,2
11383,9,6,9,3,10,1,1,2,2,1,6
11386,4,8,4,4,8,3,1,4,1,4,5
11388,9,8,9,9,4,2,2,3,1,1,2
11392,8,8,8,7,10,2,2,5,3,2,7
11401,10,7,9,7,9,1,1,2,2,4,5
11407,6,5,5,7,9,2,2,2,2,2,3
11412,7,10,9,8,10,2,1,2,1,1,3
11419,9,9,10,10,10,2,1,5,1,4,7
11430,6,9,6,1,9,1,2,4,2,1,9
11432,7,6,10,4,3,1,1,2,1,3,4
11451,5,5,9,2,8,2,2,3,3,2,7
11453,9,9,9,10,10,1,2,6,3,2,11
11465,10,7,8,9,7,3,1,6,1,4,2
11474,9,8,9,9,10,2,2,5,1,4,11
11481,10,10,10,9,8,1,2,3,1,2,11
11488,5,0,10,10,10,2,2,6,3,4,2
11519,7,10,10,0,10,3,1,4,1,4,9
11520,7,6,10,8,0,2,2,3,2,2,5
11537,8,9,9,9,5,2,2,2,1,1,8
11542,5,6,2,2,7,4,2,3,2,2,3
11546,8,10,10,6,10,1,2,2,1,1,3
11547,10,10,9,10,10,2,1,6,3,4,5
11552,10,10,9,9,10,1,2,4,3,1,2
11554,8,7,8,8,9,2,1,2,1,2,3
11558,10,10,10,10,10,2,2,4,1,3,9
11561,7,10,10,10,5,2,2,5,1,2,8
11588,8,8,7,8,9,3,2,6,1,2,8
11591,9,10,10,10,5,2,1,5,1,2,5
11594,7,7,7,4,10,2,2,4,2,1,10
11594,8,8,7,8,9,2,2,2,1,2,3
11601,8,5,10,9,9,4,1,3,2,4,3
11610,8,8,9,8,9,1,2,4,1,2,5
11619,10,9,9,10,9,2,1,2,1,3,7
11622,7,10,8,7,8,1,1,3,1,1,11
11642,5,6,5,0,5,3,2,1,2,2,5
11642,10,10,10,9,7,2,2,2,1,2,4
11648,8,8,9,8,8,1,1,4,3,2,7
11656,10,7,10,10,5,3,2,6,1,2,4
11656,5,7,10,5,7,1,2,2,1,1,3
11674,98,98,98,98,98,98,2,2,2,4,5
11676,7,7,10,8,7,2,1,6,2,3,5
11680,9,9,9,8,10,3,1,5,1,4,6
11705,8,8,10,6,6,1,2,1,2,2,1
11710,7,10,5,10,10,3,2,4,3,4,10
11726,5,8,10,8,8,2,2,6,3,4,5
11731,10,10,10,6,10,1,2,6,2,4,8
11746,0,0,10,6,10,5,2,5,3,3,2
11748,8,7,9,9,8,3,2,2,1,1,8
11750,8,7,9,9,9,1,2,3,1,2,5
11753,5,6,4,4,2,3,2,4,3,4,2
11756,8,9,7,8,9,3,2,6,1,4,7
11758,9,9,10,7,10,4,1,5,1,3,9
11765,4,5,10,5,0,2,1,2,2,2,11
11767,7,10,10,7,6,2,2,1,2,2,5
11770,9,8,10,9,10,2,2,3,3,3,3
11788,10,10,10,10,10,1,1,5,1,2,6
11809,2,0,10,0,10,2,1,2,2,2,10
11815,8,7,7,8,6,2,1,4,1,2,8
11821,4,4,4,4,6,3,2,3,2,1,11
11829,8,8,7,10,10,1,2,3,1,1,7
11832,8,9,9,5,8,1,1,2,2,2,3
11844,8,5,9,5,4,3,2,6,3,4,2
11844,5,5,9,8,4,2,2,4,1,2,4
11873,7,9,9,8,2,2,2,5,1,2,4
11876,10,8,9,8,8,1,2,1,2,2,5
11877,4,7,9,2,5,1,2,1,2,4,3
11882,10,8,8,6,10,3,1,2,1,2,11
11886,10,10,10,7,8,2,2,3,1,3,4
11897,7,6,7,8,10,2,1,1,1,2,10
11898,10,6,10,9,9,2,2,5,3,1,7
11920,5,10,10,10,10,2,2,5,3,2,7
11922,9,9,9,9,10,2,2,2,1,2,8
11936,3,5,7,4,8,2,1,2,1,2,2
11956,10,10,10,10,10,3,2,5,3,4,11
11974,6,4,5,6,9,3,2,5,1,2,11
11974,10,8,10,8,8,1,1,2,1,1,8
11978,8,9,10,9,10,2,2,2,2,2,6
11985,7,8,7,10,10,3,1,5,3,2,3
11988,10,10,9,8,9,3,2,4,1,3,11
12013,7,7,8,8,8,4,1,5,1,4,8
12038,8,8,8,8,8,1,1,2,1,1,6
12041,9,9,8,10,7,1,2,2,1,1,2
12048,9,8,9,10,10,2,2,5,1,3,2
12064,9,10,9,10,8,2,2,6,2,1,11
12072,7,5,8,8,8,2,1,3,1,1,8
12083,10,10,10,8,10,1,2,3,1,2,8
12100,9,9,8,10,5,1,2,5,1,4,5
12104,10,10,10,10,4,2,2,6,1,4,8
12104,6,8,10,7,10,1,2,2,1,3,2
12117,8,9,9,10,10,3,2,6,3,2,11
12119,10,8,10,6,5,1,2,2,1,1,6
12120,10,10,8,6,8,1,2,6,3,4,8
12128,10,9,10,10,9,2,2,5,2,4,10
12132,7,4,6,0,8,2,1,1,2,2,7
12135,9,10,7,10,4,1,2,2,2,1,8
12144,10,10,9,9,9,1,1,4,1,1,4
12144,8,8,8,5,9,1,1,2,1,2,2
12159,8,8,8,5,8,2,1,4,1,2,3
12159,9,9,10,9,8,2,2,2,1,1,4
12161,6,7,10,6,6,2,1,2,2,2,8
12166,0,0,10,10,10,5,2,6,3,4,2
12187,6,7,6,5,7,3,2,3,3,4,2
12197,7,6,7,7,6,2,2,4,1,1,7
12200,9,9,9,7,8,3,2,5,2,3,11
12209,10,10,10,10,9,1,1,1,2,2,10
12219,7,5,8,4,8,2,1,3,2,2,7
12221,5,8,2,5,10,5,1,6,3,4,5
12222,4,5,3,3,6,1,2,3,1,1,7
12227,5,10,8,0,8,3,2,3,1,1,8
12228,4,7,3,2,6,2,1,3,1,2,8
12229,7,8,8,7,4,2,2,3,1,2,5
12232,10,10,10,0,8,3,2,5,1,4,9
12232,8,9,8,8,9,1,2,2,1,1,7
12235,0,0,0,0,5,4,2,3,3,2,9
12237,9,8,10,0,9,2,1,2,1,4,7
12246,10,8,9,10,9,2,1,5,1,3,9
12251,8,9,7,4,5,2,2,2,2,3,2
12253,9,10,8,8,9,1,2,5,1,1,2
12285,7,8,9,7,7,2,2,2,2,2,8
12293,9,9,9,6,7,1,2,2,1,2,8
12312,8,8,8,9,5,3,1,4,1,3,4
12324,10,10,10,8,10,1,1,1,2,2,9
12328,7,5,6,2,7,2,1,2,2,1,7
12329,8,8,8,9,9,2,2,5,1,2,9
12334,9,5,10,5,10,4,2,4,1,2,11
12345,8,8,9,8,8,1,2,2,1,1,2
12351,9,9,9,8,9,2,1,4,1,2,11
12360,7,8,8,6,6,2,1,3,3,2,6
12369,8,5,6,8,8,3,1,3,1,2,7
12371,6,6,9,7,6,1,2,2,2,2,9
12372,7,9,10,6,6,1,1,2,1,2,8
12376,10,10,8,10,10,1,1,5,1,4,11
12407,6,7,8,7,7,2,1,3,1,1,9
12412,8,9,9,10,10,3,1,6,2,1,7
12418,8,8,3,6,9,4,2,4,1,4,4
12428,8,8,8,9,9,2,1,2,3,1,3
12431,7,8,7,7,9,3,2,6,3,4,9
12439,5,3,5,5,8,2,1,2,2,1,7
12442,8,7,10,9,10,1,2,2,2,1,2
12449,8,8,9,10,8,2,1,2,2,1,5
12452,10,10,10,10,8,2,2,4,1,2,2
12455,8,5,5,8,8,4,2,5,1,4,2
12456,8,7,8,8,8,2,1,6,3,1,6
12467,9,9,10,6,9,2,2,6,3,3,8
12467,10,10,10,9,10,1,2,3,1,2,4
12485,8,10,5,6,8,3,1,6,3,4,8
12488,9,10,10,7,5,1,2,5,3,2,3
12493,9,9,10,8,10,3,2,6,3,4,2
12499,7,10,9,8,10,1,2,3,3,2,9
12505,7,8,9,5,8,5,2,5,3,2,9
12508,9,8,8,8,4,3,1,5,1,2,6
12509,9,9,7,10,9,4,2,5,1,2,11
12513,9,9,9,9,10,1,2,5,3,2,5
12520,8,9,10,8,10,1,2,2,3,2,3
12533,8,7,8,7,8,1,1,3,1,4,2
12535,8,8,8,8,8,3,1,5,1,4,11
12544,9,10,10,4,10,2,2,1,1,2,9
12545,7,7,9,6,9,2,1,2,1,2,3
12559,8,8,10,7,10,2,2,4,1,4,11
12575,7,5,9,4,10,2,1,1,2,2,6
12578,7,8,3,6,10,2,2,2,1,1,9
12586,8,8,9,6,7,2,1,1,2,2,10
12594,9,8,9,5,9,1,2,2,2,2,5
12605,9,9,9,9,6,1,2,4,1,1,3
12614,9,8,8,7,10,2,2,3,3,3,3
12621,9,9,9,9,6,1,2,2,2,1,7
12630,7,7,9,8,6,2,2,5,3,1,8
12642,8,10,5,8,10,1,2,3,3,1,11
12650,6,6,8,6,10,2,2,2,2,2,4
12656,8,8,9,8,8,1,2,2,1,1,7
12659,7,8,10,6,6,1,2,2,1,2,5
12664,10,10,7,9,10,1,2,4,1,2,8
12668,5,10,10,4,6,3,1,4,3,2,2
12674,8,10,9,8,10,4,1,6,3,4,7
12685,10,10,10,8,9,1,1,4,3,2,8
12691,8,10,9,7,10,2,1,2,3,1,9
12716,7,8,10,10,7,2,1,3,2,2,9
12716,8,9,6,6,9,2,1,2,2,2,3
12717,9,9,9,8,9,1,2,4,1,1,2
12722,1,10,2,2,5,5,2,2,1,2,10
12723,5,5,8,5,9,2,2,2,2,1,7
12776,7,8,10,8,9,3,2,4,3,1,10
12792,10,10,10,10,10,2,2,6,1,4,3
12793,10,10,10,4,10,3,2,5,3,4,2
12793,9,9,8,9,10,1,1,2,1,1,11
12800,10,8,8,8,10,2,1,6,1,2,1
12802,10,10,10,10,7,1,1,4,1,2,10
12808,4,5,5,8,4,3,2,2,2,4,3
12821,10,8,8,9,8,1,1,4,1,1,10
12823,8,9,9,5,7,3,2,2,2,2,2
12840,8,8,8,8,8,3,2,6,3,3,8
12850,10,7,8,8,10,1,2,5,1,4,7
12867,9,8,9,9,8,1,2,3,3,2,9
12878,8,9,10,7,10,2,2,5,1,4,6
12890,8,8,7,10,8,1,2,4,1,1,3
12899,9,9,9,9,9,3,1,5,3,2,2
12902,7,7,7,4,3,3,1,2,1,2,2
12903,6,5,10,5,9,3,1,2,2,2,10
12909,7,8,8,8,8,2,1,3,1,1,5
12918,9,9,9,7,8,1,2,3,1,1,8
12920,8,8,8,8,8,1,1,3,1,1,7
12920,7,8,7,8,8,1,1,3,1,2,9
12922,98,98,98,98,98,98,2,3,3,4,5
12922,7,7,10,6,8,1,2,1,2,1,3
12925,9,10,8,10,5,1,1,4,1,1,5
12930,8,8,7,8,5,3,1,6,3,4,6
12934,9,8,9,7,9,2,1,2,1,2,5
12955,10,10,10,10,10,3,1,5,3,4,3
12958,8,9,8,8,10,3,2,6,3,4,4
12967,7,5,6,2,8,2,2,2,2,2,8
12977,6,6,7,4,9,1,2,1,2,4,11
12982,10,7,8,7,9,1,2,2,3,2,8
13002,7,8,8,8,9,4,1,4,3,3,3
13007,9,9,7,8,9,1,1,5,1,4,5
13013,8,8,9,7,8,1,1,4,1,1,5
13030,8,7,8,7,7,2,2,4,1,3,11
13036,7,7,5,5,8,1,1,4,1,1,6
13038,10,10,10,10,10,3,1,6,1,2,4
13047,10,8,10,10,7,1,2,5,1,3,4
13051,9,6,8,9,6,4,1,6,3,4,2
13067,6,5,6,0,2,5,2,3,1,1,5
13070,9,9,10,9,9,2,2,5,1,1,8
13073,8,8,9,8,7,2,2,2,1,4,11
13077,9,9,9,8,8,2,2,4,3,2,9
13087,10,8,9,9,10,2,1,2,1,2,8
13087,10,10,10,10,8,1,1,2,2,2,10
13095,7,8,9,8,8,2,2,2,1,1,4
13099,8,7,7,7,8,3,2,2,1,2,8
13110,6,8,8,5,4,2,2,5,3,4,1
13120,9,8,9,9,7,2,2,5,1,1,8
13121,7,6,7,8,8,3,2,3,3,1,1
13142,7,7,8,5,1,2,1,2,1,2,11
13158,6,7,7,6,5,1,1,3,1,3,2
13192,10,10,10,8,10,1,2,2,1,2,6
13217,7,7,7,8,8,2,2,6,3,4,4
13228,10,9,8,7,7,1,2,4,1,2,2
13237,4,6,4,9,9,3,1,2,1,1,3
13255,8,8,9,9,9,2,2,6,2,2,5
13258,9,10,9,10,8,1,1,5,1,1,3
13270,7,7,8,8,99,3,2,5,3,1,4
13279,9,6,10,8,9,1,1,2,2,1,7
13288,8,6,7,7,8,2,1,3,1,2,8
13296,9,8,7,9,9,2,1,6,1,1,8
13311,10,10,10,9,5,3,2,2,1,1,7
13315,9,10,8,7,8,2,1,2,1,3,11
13320,9,8,10,8,10,1,2,6,3,4,2
13326,7,7,8,7,7,1,1,3,1,3,9
13332,6,7,8,2,10,3,2,1,2,2,10
13333,6,6,7,4,5,1,2,2,3,1,10
13343,8,8,7,8,7,1,2,2,1,3,2
13361,8,10,8,8,10,1,2,3,1,2,7
13369,8,8,8,9,8,2,1,2,1,1,7
13373,8,8,5,9,9,2,1,2,1,1,3
13388,8,6,7,8,4,1,1,2,1,1,11
13392,6,7,10,0,10,1,2,2,1,1,7
13403,9,10,8,8,8,1,2,2,1,2,7
13404,7,7,7,6,4,2,1,1,2,4,2
13406,9,9,9,9,10,2,2,2,1,1,5
13413,6,9,8,4,9,2,2,1,2,2,7
13416,10,10,10,10,10,2,2,4,1,1,3
13429,9,9,7,5,7,1,2,2,1,1,3
13449,8,7,8,0,6,1,1,2,3,3,7
13464,6,7,5,2,8,3,2,4,3,4,8
13473,7,9,10,10,10,3,1,6,1,1,3
13481,7,8,10,8,10,2,1,2,1,4,3
13491,8,7,9,8,8,2,1,4,2,3,3
13499,8,9,9,9,8,1,2,4,3,2,8
13519,5,5,8,5,3,2,1,5,3,4,8
13527,10,10,10,8,10,1,1,1,1,2,4
13534,8,10,9,9,10,3,2,6,1,4,8
13536,8,9,9,7,6,1,2,5,3,2,9
13539,7,6,4,7,8,2,2,2,2,2,2
13555,5,5,7,5,5,1,2,4,3,4,11
13558,10,10,9,8,10,2,2,4,1,1,5
13574,0,0,0,10,10,5,1,4,3,3,2
13575,5,2,9,5,8,4,1,6,3,4,9
13605,5,4,8,10,10,2,2,6,3,2,8
13622,0,0,0,10,10,2,2,5,3,4,4
13626,8,9,10,9,10,1,2,2,1,2,5
13626,10,10,10,10,10,1,2,5,1,1,11
13632,4,5,6,7,9,1,2,3,3,1,8
13650,10,10,10,7,9,1,1,1,2,4,11
13678,10,6,9,9,10,2,2,5,3,3,10
13693,6,7,8,2,8,2,2,2,1,1,8
13710,8,9,9,9,6,2,2,3,1,2,2
13711,9,10,10,8,9,1,1,3,1,2,8
13713,6,8,7,6,5,1,2,2,2,2,7
13718,8,8,8,8,10,2,1,3,1,3,10
13720,10,9,10,10,10,1,1,4,1,1,4
13739,7,7,8,2,10,1,2,2,3,3,2
13753,6,8,4,6,0,4,2,4,1,2,3
13753,8,8,8,8,10,2,2,2,1,1,10
13756,8,7,9,8,10,1,2,2,1,1,10
13763,7,7,10,5,9,1,1,2,1,2,6
13781,10,10,6,2,3,1,1,2,1,2,3
13781,10,10,10,10,8,1,2,3,1,2,10
13794,8,8,10,10,10,1,2,4,2,4,10
13795,5,10,9,0,3,1,1,2,1,1,8
13799,7,4,1,5,7,4,2,4,1,1,6
13802,10,10,10,10,10,1,2,6,1,3,9
13817,5,8,8,3,3,3,1,4,1,2,5
13817,7,8,8,7,7,2,1,3,1,2,1
13819,7,8,10,8,7,1,1,3,3,2,9
13826,2,2,2,2,8,5,2,3,1,2,5
13854,4,5,9,0,9,2,1,2,3,3,7
13860,8,8,8,7,10,2,2,2,2,1,11
13868,9,8,10,10,10,2,2,6,2,1,3
13871,10,10,10,8,7,1,1,2,1,2,9
13875,5,6,8,6,8,3,1,4,2,4,4
13877,9,8,9,9,8,1,2,4,1,1,2
13878,7,7,5,7,7,1,2,1,2,2,5
13879,8,8,9,5,4,2,2,3,1,3,3
13893,3,0,10,8,10,3,2,6,3,4,8
13900,9,9,10,10,10,2,1,6,1,2,10
13911,8,7,10,8,8,1,1,2,1,2,3
13914,10,10,10,10,10,1,1,1,2,2,9
13922,9,9,7,8,10,2,2,5,1,4,10
13925,9,9,9,9,9,1,2,4,1,2,5
13926,8,10,8,0,3,1,2,3,1,1,8
13938,0,99,7,2,3,3,2,4,3,4,8
13945,8,7,10,10,5,1,1,4,1,1,5
13948,8,9,9,10,9,2,2,2,3,2,1
13948,10,10,9,9,8,2,1,5,1,4,8
13953,8,9,9,8,9,1,2,1,2,2,8
13963,8,8,9,8,9,1,2,3,2,1,6
13967,7,9,7,6,8,1,2,3,1,2,8
13980,7,8,6,6,8,3,1,2,2,2,11
13988,8,8,9,6,3,1,2,2,3,2,8
13993,9,8,10,8,9,1,2,2,2,1,5
13998,7,6,7,6,8,2,1,4,3,3,3
14002,8,9,10,10,10,2,2,5,3,2,6
14007,7,8,7,9,8,3,1,3,3,3,9
14028,9,9,9,4,7,1,2,2,3,1,9
14038,8,8,9,10,8,1,2,2,1,1,5
14039,8,7,9,9,7,3,1,1,2,2,2
14051,7,8,9,6,9,2,2,4,3,2,8
14052,7,7,8,8,7,2,2,4,3,1,9
14055,8,5,9,9,9,2,2,5,3,4,5
14063,8,8,8,8,10,2,2,5,1,1,11
14066,10,8,10,5,3,2,1,4,3,3,1
14071,7,7,9,9,8,2,1,5,1,2,1
14075,10,10,8,5,10,2,2,5,1,4,8
14081,9,9,10,10,10,1,2,3,3,2,4
14083,7,10,8,8,4,2,2,2,1,1,6
14084,7,7,7,9,7,3,2,6,3,1,11
14085,8,9,10,10,10,2,2,3,1,2,6
14086,10,10,7,7,8,2,1,2,1,2,8
14090,2,2,3,0,6,4,1,3,3,3,6
14091,9,9,9,7,10,2,1,2,1,1,8
14093,10,10,10,8,10,2,2,6,2,1,5
14094,3,7,9,3,8,1,2,3,3,4,6
14095,9,5,10,8,7,2,2,1,2,2,8
14106,8,8,9,7,8,2,2,3,3,2,2
14109,6,5,8,4,3,3,2,5,3,3,9
14118,9,10,9,9,3,2,1,5,1,4,9
14149,6,8,5,8,8,4,1,4,1,2,8
14154,8,10,9,9,10,2,2,6,1,2,11
14156,8,8,10,9,5,1,1,6,1,4,7
14157,9,10,9,5,4,2,2,2,3,2,6
14167,8,8,5,4,10,2,1,6,3,4,11
14170,10,10,10,7,8,1,2,5,3,4,3
14197,7,7,10,10,10,3,2,6,3,4,11
14208,8,9,8,8,8,1,1,3,1,1,6
14222,8,9,8,7,8,2,1,2,1,1,7
14225,0,4,8,8,5,2,1,5,3,4,2
14226,2,10,8,5,10,5,2,6,3,4,8
14227,6,7,10,10,9,3,2,6,3,4,9
14243,8,8,8,7,6,3,2,3,3,3,11
14249,7,8,5,7,7,2,2,3,3,4,8
14269,8,8,7,7,9,2,1,2,1,1,6
14272,7,8,8,8,7,3,1,4,3,2,3
14285,10,10,10,10,7,1,2,2,1,1,6
14289,9,9,6,9,3,2,2,1,2,2,7
14295,5,6,5,5,7,2,2,2,1,2,10
14302,7,8,5,8,8,3,1,5,1,3,3
14310,4,99,99,4,6,5,2,3,2,1,7
14324,6,6,7,7,5,2,1,4,1,2,8
14329,10,10,10,10,9,1,2,5,3,1,8
14335,10,10,10,10,10,1,2,2,1,3,4
14340,9,10,10,10,10,1,2,3,2,1,7
14343,6,6,9,2,6,1,2,2,2,2,3
14354,10,8,8,7,8,1,1,6,3,2,1
14363,5,5,7,2,5,1,2,3,3,2,7
14371,8,10,9,10,10,3,2,5,1,2,8
14386,10,10,10,10,10,1,1,1,2,4,10
14388,8,9,4,6,8,2,2,2,1,1,11
14389,6,5,8,3,8,3,1,4,3,3,4
14392,7,7,9,8,9,1,1,4,3,1,6
14412,10,10,10,10,9,1,2,5,1,3,8
14413,7,7,6,3,9,3,1,3,3,1,8
14418,10,10,4,9,9,1,2,3,1,1,8
14421,10,10,10,7,3,1,2,5,3,1,2
14430,6,7,5,9,8,2,2,6,3,2,11
14435,9,9,9,9,6,2,2,4,2,4,11
14444,7,7,9,9,10,2,2,2,2,2,3
14449,8,7,8,8,8,2,2,5,1,3,8
14450,5,6,5,7,5,3,2,6,3,4,8
14453,8,10,10,10,10,1,2,5,1,2,8
14461,9,9,9,9,9,1,1,6,1,1,10
14468,7,6,7,3,10,2,1,1,2,4,8
14488,10,10,10,10,8,1,1,5,2,4,7
14489,8,10,9,6,10,1,2,2,1,2,8
14507,7,7,8,10,8,3,1,5,1,3,3
14527,7,8,10,10,10,1,2,5,2,4,11
14530,7,8,9,9,5,2,1,2,1,2,2
14532,8,7,8,10,8,3,1,4,3,4,11
14532,6,6,0,4,5,3,1,2,1,2,1
14542,8,9,9,7,9,1,1,4,1,2,8
14548,8,7,10,7,8,3,2,6,3,4,6
14552,10,10,10,10,10,2,2,4,3,3,1
14565,4,2,7,99,8,5,2,6,1,4,6
14584,9,9,10,9,8,1,2,1,2,1,9
14591,7,7,2,4,6,4,2,3,1,3,8
14592,8,10,10,10,10,1,2,4,1,1,2
14592,8,9,9,7,5,1,2,2,2,1,11
14593,10,10,10,10,10,3,1,6,1,1,10
14593,8,9,6,5,10,3,2,1,1,2,4
14599,9,9,10,3,9,2,1,2,1,1,8
14611,10,10,10,10,10,4,1,6,1,4,11
14617,5,5,5,4,10,3,2,3,3,2,11
14628,10,10,8,8,10,5,2,6,3,4,11
14629,4,5,6,8,8,3,2,4,3,2,2
14630,8,8,9,7,8,2,1,5,3,4,9
14631,9,8,7,4,10,2,2,3,1,4,7
14641,9,8,10,10,6,2,2,5,3,1,2
14644,8,8,9,8,10,2,1,5,1,1,10
14654,7,8,10,7,8,2,1,2,1,4,2
14659,5,10,7,4,10,3,2,5,1,4,3
14686,8,7,7,8,8,3,2,6,3,2,8
14689,10,10,10,10,10,1,1,5,1,2,8
14693,8,8,10,8,7,1,2,2,3,1,3
14703,6,7,9,3,7,2,2,3,3,2,6
14704,10,5,10,3,8,3,1,2,1,4,2
14712,10,10,10,8,8,4,2,5,3,4,2
14716,10,10,10,10,10,2,2,4,1,3,2
14726,10,10,10,10,10,1,2,5,1,4,8
14740,8,9,5,6,7,2,2,3,3,1,3
14741,8,8,8,7,8,1,1,4,2,2,9
14754,6,7,7,5,4,3,2,4,1,2,1
14762,8,8,9,6,9,1,2,2,1,1,11
14806,8,8,6,4,5,1,2,2,1,1,4
14808,5,5,5,8,6,4,2,3,2,2,8
14808,8,7,8,8,7,1,2,2,2,2,11
14814,7,7,10,7,10,2,2,2,2,2,6
14824,8,10,10,9,10,1,1,3,3,1,7
14834,8,10,10,8,10,2,2,2,1,4,5
14838,10,10,8,7,10,2,2,1,1,3,2
14844,8,7,9,8,9,3,1,4,1,2,7
14847,7,6,5,5,7,4,1,4,2,1,3
14853,10,10,10,10,10,1,2,5,1,2,6
14855,6,7,10,7,9,1,2,2,2,4,3
14856,8,8,9,7,6,2,1,1,2,2,2
14865,8,10,10,10,10,3,1,5,2,4,11
14873,8,6,7,9,8,3,1,4,1,2,10
14898,8,7,10,10,9,1,1,3,1,2,8
14904,7,5,7,5,9,2,2,3,3,3,7
14905,7,7,7,5,6,2,1,2,1,2,2
14917,7,5,9,0,7,1,1,3,3,2,9
14925,6,7,8,4,7,2,1,2,1,2,6
14933,10,10,10,9,6,1,2,3,1,3,1
14946,7,6,8,6,9,3,1,6,2,4,5
14954,8,5,8,10,10,1,2,3,3,1,6
14970,6,8,9,10,8,2,2,6,3,3,9
14972,8,8,8,4,10,3,1,4,3,2,9
14975,8,10,8,7,8,1,1,2,1,2,2
14984,6,8,9,4,10,3,2,5,3,4,3
